file,runs,pigz_level,sample_percent,simulation_engine,original_bytes,compressed_bytes,ratio,preprocess_avg_ms,secondary_compress_avg_ms,total_encode_avg_ms,total_decode_avg_ms,all_verified
"background.dds",1,7,20,miniz,524416,288362,1.818603,258.460,855.525,1113.985,513.744,true
"big-char.dds",1,7,20,miniz,524416,364356,1.439296,297.328,275.286,572.614,462.493,true
"bricks.dds",1,7,20,miniz,32896,27026,1.217198,30.749,234.289,265.037,746.092,true
"iscv2_u1_v1.dds",1,7,20,miniz,33554560,11783604,2.847563,1882.946,4807.953,6690.900,5044.311,true
"iscv2_u1_v2.dds",1,7,20,miniz,33554560,9648326,3.477760,6787.899,12208.857,18996.756,8936.777,true
"iscv2_u2_v1.dds",1,7,20,miniz,33554560,9831124,3.413095,5487.244,11807.999,17295.242,6574.079,true
"iscv2_u2_v2.dds",1,7,20,miniz,33554560,1116122,30.063524,2534.528,4722.937,7257.465,5165.741,true
"iscv2_u2_v4.dds",1,7,20,miniz,33554560,3716565,9.028380,2568.434,5063.820,7632.253,2787.749,true
"iscv2_u3_v1.dds",1,7,20,miniz,33554560,10284166,3.262740,3059.860,12878.077,15937.936,9200.398,true
"iscv2_u4_v1.dds",1,7,20,miniz,33554560,10881787,3.083552,4216.329,9268.216,13484.544,7376.534,true
"kodim01.dds",1,7,20,miniz,196736,146292,1.344817,1.698,250.258,251.956,479.362,true
"kodim02.dds",1,7,20,miniz,196736,133761,1.470802,3.841,229.347,233.188,158.223,true
"kodim03.dds",1,7,20,miniz,196736,124642,1.578409,16.948,142.754,159.702,460.435,true
"kodim04.dds",1,7,20,miniz,196736,143276,1.373126,14.550,309.784,324.334,435.036,true
"kodim05.dds",1,7,20,miniz,196736,159598,1.232697,45.347,219.878,265.225,184.371,true
"kodim06.dds",1,7,20,miniz,196736,136318,1.443214,1.179,167.762,168.940,184.070,true
"kodim07.dds",1,7,20,miniz,196736,131167,1.499889,12.053,173.479,185.532,249.445,true
"kodim08.dds",1,7,20,miniz,196736,159148,1.236183,3.154,232.932,236.086,221.522,true
"kodim09.dds",1,7,20,miniz,196736,129761,1.516141,2.895,224.032,226.927,239.086,true
"kodim10.dds",1,7,20,miniz,196736,137986,1.425768,2.656,228.774,231.431,307.940,true
"kodim11.dds",1,7,20,miniz,196736,139869,1.406573,434.447,500.347,934.794,252.923,true
"kodim12.dds",1,7,20,miniz,196736,128360,1.532689,3.924,217.476,221.399,198.486,true
"kodim13.dds",1,7,20,miniz,196736,161615,1.217313,4.721,318.023,322.744,197.223,true
"kodim14.dds",1,7,20,miniz,196736,150781,1.304780,5.734,431.191,436.925,315.911,true
"kodim15.dds",1,7,20,miniz,196736,137228,1.433643,4.366,128.441,132.807,185.777,true
"kodim16.dds",1,7,20,miniz,196736,126091,1.560270,1.526,154.404,155.930,232.185,true
"kodim17.dds",1,7,20,miniz,196736,139617,1.409112,4.460,274.002,278.463,198.769,true
"kodim18.dds",1,7,20,miniz,196736,159436,1.233950,1.514,251.272,252.786,274.986,true
"kodim19.dds",1,7,20,miniz,196736,139930,1.405960,5.508,186.248,191.756,167.792,true
"kodim20.dds",1,7,20,miniz,196736,117601,1.672911,4.644,131.202,135.846,152.082,true
"kodim21.dds",1,7,20,miniz,196736,139186,1.413475,4.892,132.653,137.545,213.042,true
"kodim22.dds",1,7,20,miniz,196736,154179,1.276023,5.467,142.090,147.557,131.878,true
"kodim23.dds",1,7,20,miniz,196736,143749,1.368608,2.415,127.425,129.840,139.605,true
"kodim24.dds",1,7,20,miniz,196736,147000,1.338340,14.425,1202.247,1216.672,830.845,true
"lorikeet.dds",1,7,20,miniz,131200,109771,1.195215,28.230,151.179,179.409,241.805,true
"mountains.dds",1,7,20,miniz,32896,18322,1.795437,1.395,259.083,260.478,988.456,true
"satellite.dds",1,7,20,miniz,32896,27950,1.176959,2.254,270.140,272.394,243.619,true
"small-char.dds",1,7,20,miniz,131200,72724,1.804081,16.778,200.526,217.304,122.685,true
"spnza_bricks_a_diff.dds",1,7,20,miniz,524416,371725,1.410763,54.603,177.177,231.779,295.933,true
"sponza_arch_diff.dds",1,7,20,miniz,524416,294449,1.781008,23.225,187.999,211.225,229.621,true
"sponza_ceiling_a_diff.dds",1,7,20,miniz,524416,366949,1.429125,78.192,186.655,264.848,300.973,true
"sponza_column_a_diff.dds",1,7,20,miniz,524416,372612,1.407405,43.817,278.234,322.051,288.776,true
"sponza_column_b_diff.dds",1,7,20,miniz,524416,393484,1.332751,146.492,469.759,616.251,162.503,true
"sponza_column_c_diff.dds",1,7,20,miniz,524416,399315,1.313289,49.051,183.460,232.511,195.779,true
"sponza_curtain_diff.dds",1,7,20,miniz,2097280,1510060,1.388872,128.180,377.461,505.641,334.420,true
"sponza_details_diff.dds",1,7,20,miniz,524416,320737,1.635034,67.501,1008.682,1076.183,323.265,true
"sponza_fabric_green_diff.dds",1,7,20,miniz,524416,325823,1.609512,24.091,383.615,407.706,131.544,true
"sponza_flagpole_diff.dds",1,7,20,miniz,524416,290666,1.804188,24.128,176.613,200.741,158.038,true
"sponza_floor_a_diff.dds",1,7,20,miniz,524416,367043,1.428759,74.545,187.796,262.341,131.444,true
"sponza_roof_diff.dds",1,7,20,miniz,524416,442637,1.184754,17.253,181.654,198.907,133.171,true
"un512.dds",1,7,20,miniz,131200,102630,1.278379,68.916,124.756,193.672,171.188,true
"vase_dif.dds",1,7,20,miniz,524416,383352,1.367975,25.765,231.286,257.051,134.808,true
"vase_hanging.dds",1,7,20,miniz,524416,292126,1.795171,66.266,268.737,335.004,244.353,true
"vase_round.dds",1,7,20,miniz,524416,370773,1.414386,18.748,490.113,508.861,229.935,true
"vector-streets.dds",1,7,20,miniz,32896,7632,4.310273,7.298,163.635,170.932,129.956,true
