file,sample_percent,run,selected_method,original_bytes,compressed_bytes,compressed_percent,preprocess_ms,secondary_ms,total_encode_ms,total_decode_ms,verified
"background.dds",20,1,Scanline,524416,288362,54.987262,65.828,447.490,513.318,421.826,true
"background.dds",10,1,Z-order,524416,292891,55.850889,63.290,266.735,330.024,251.692,true
"background.dds",100,1,Scanline,524416,288362,54.987262,148.718,279.030,427.747,137.475,true
"background.dds",10,2,Z-order,524416,292891,55.850889,39.787,378.212,418.000,501.108,true
"background.dds",100,2,Scanline,524416,288362,54.987262,69.924,340.264,410.189,329.294,true
"background.dds",20,2,Scanline,524416,288362,54.987262,11.615,237.944,249.560,1116.154,true
"background.dds",100,3,Scanline,524416,288362,54.987262,99.855,203.980,303.835,478.628,true
"background.dds",20,3,Scanline,524416,288362,54.987262,174.875,211.055,385.930,568.214,true
"background.dds",10,3,Z-order,524416,292891,55.850889,154.656,383.305,537.961,331.120,true
"background.dds",20,4,Scanline,524416,288362,54.987262,74.071,161.549,235.620,99.880,true
"background.dds",10,4,Z-order,524416,292891,55.850889,13.604,195.816,209.420,258.870,true
"background.dds",100,4,Scanline,524416,288362,54.987262,109.840,182.464,292.305,98.178,true
"background.dds",10,5,Z-order,524416,292891,55.850889,8.466,362.056,370.522,647.967,true
"background.dds",100,5,Scanline,524416,288362,54.987262,180.670,192.496,373.167,426.627,true
"background.dds",20,5,Scanline,524416,288362,54.987262,101.511,703.611,805.122,1277.928,true
"big-char.dds",10,1,Z-order,524416,364356,69.478429,46.570,350.517,397.087,188.107,true
"big-char.dds",100,1,Z-order,524416,364356,69.478429,148.709,191.196,339.905,263.435,true
"big-char.dds",20,1,Z-order,524416,364356,69.478429,82.950,308.693,391.643,387.926,true
"big-char.dds",100,2,Z-order,524416,364356,69.478429,71.904,212.929,284.833,389.575,true
"big-char.dds",20,2,Z-order,524416,364356,69.478429,112.745,234.897,347.642,165.316,true
"big-char.dds",10,2,Z-order,524416,364356,69.478429,27.718,146.339,174.058,170.220,true
"big-char.dds",20,3,Z-order,524416,364356,69.478429,25.128,439.060,464.187,663.001,true
"big-char.dds",10,3,Z-order,524416,364356,69.478429,102.140,399.577,501.718,269.780,true
"big-char.dds",100,3,Z-order,524416,364356,69.478429,240.568,465.512,706.080,643.677,true
"big-char.dds",10,4,Z-order,524416,364356,69.478429,21.619,311.177,332.795,544.681,true
"big-char.dds",100,4,Z-order,524416,364356,69.478429,193.529,413.633,607.163,143.406,true
"big-char.dds",20,4,Z-order,524416,364356,69.478429,29.413,136.851,166.263,502.550,true
"big-char.dds",100,5,Z-order,524416,364356,69.478429,103.743,327.015,430.759,352.404,true
"big-char.dds",20,5,Z-order,524416,364356,69.478429,59.552,316.349,375.901,241.445,true
"big-char.dds",10,5,Z-order,524416,364356,69.478429,38.049,304.607,342.656,447.861,true
"bricks.dds",100,1,Scanline,32896,26975,82.000851,29.705,130.595,160.300,104.417,true
"bricks.dds",20,1,Z-order,32896,27026,82.155885,1.909,292.544,294.454,1008.245,true
"bricks.dds",10,1,Z-order,32896,27026,82.155885,121.886,268.379,390.265,408.487,true
"bricks.dds",20,2,Z-order,32896,27026,82.155885,77.181,251.535,328.716,695.348,true
"bricks.dds",10,2,Z-order,32896,27026,82.155885,1.324,116.744,118.069,189.042,true
"bricks.dds",100,2,Scanline,32896,26975,82.000851,54.991,448.327,503.318,293.002,true
"bricks.dds",10,3,Z-order,32896,27026,82.155885,9.234,269.129,278.362,231.087,true
"bricks.dds",100,3,Scanline,32896,26975,82.000851,160.464,337.949,498.413,218.339,true
"bricks.dds",20,3,Z-order,32896,27026,82.155885,20.500,162.802,183.301,201.823,true
"bricks.dds",100,4,Scanline,32896,26975,82.000851,63.089,297.187,360.277,196.355,true
"bricks.dds",20,4,Z-order,32896,27026,82.155885,2.074,213.730,215.803,538.406,true
"bricks.dds",10,4,Z-order,32896,27026,82.155885,12.440,114.303,126.743,443.154,true
"bricks.dds",20,5,Z-order,32896,27026,82.155885,16.099,210.735,226.834,210.666,true
"bricks.dds",10,5,Z-order,32896,27026,82.155885,53.984,186.448,240.433,260.298,true
"bricks.dds",100,5,Scanline,32896,26975,82.000851,3.550,239.405,242.955,293.795,true
"iscv2_u1_v1.dds",20,1,Z-order,33554560,11783604,35.117743,2017.917,4166.261,6184.178,3331.599,true
"iscv2_u1_v1.dds",10,1,Z-order,33554560,11783604,35.117743,2116.593,3957.649,6074.241,2550.462,true
"iscv2_u1_v1.dds",100,1,Z-order,33554560,11783604,35.117743,6125.078,4701.975,10827.053,2174.398,true
"iscv2_u1_v1.dds",10,2,Z-order,33554560,11783604,35.117743,1479.225,3569.622,5048.848,2281.858,true
"iscv2_u1_v1.dds",100,2,Z-order,33554560,11783604,35.117743,6802.414,4896.908,11699.322,2638.138,true
"iscv2_u1_v1.dds",20,2,Z-order,33554560,11783604,35.117743,1629.626,4467.333,6096.959,2272.920,true
"iscv2_u1_v1.dds",100,3,Z-order,33554560,11783604,35.117743,5876.100,4091.440,9967.540,2672.155,true
"iscv2_u1_v1.dds",20,3,Z-order,33554560,11783604,35.117743,2757.834,3723.698,6481.532,1733.025,true
"iscv2_u1_v1.dds",10,3,Z-order,33554560,11783604,35.117743,1528.367,3102.505,4630.872,1667.822,true
"iscv2_u1_v1.dds",20,4,Z-order,33554560,11783604,35.117743,1620.223,4049.333,5669.556,2097.277,true
"iscv2_u1_v1.dds",10,4,Z-order,33554560,11783604,35.117743,1534.574,3600.435,5135.009,1678.391,true
"iscv2_u1_v1.dds",100,4,Z-order,33554560,11783604,35.117743,5545.785,3770.776,9316.561,4026.890,true
"iscv2_u1_v1.dds",10,5,Z-order,33554560,11783604,35.117743,1959.073,6077.434,8036.507,1911.346,true
"iscv2_u1_v1.dds",100,5,Z-order,33554560,11783604,35.117743,6626.838,4124.078,10750.917,2723.948,true
"iscv2_u1_v1.dds",20,5,Z-order,33554560,11783604,35.117743,2011.973,4068.258,6080.231,3223.992,true
"iscv2_u1_v2.dds",10,1,Z-order,33554560,9648326,28.754143,2602.416,5696.927,8299.343,3063.211,true
"iscv2_u1_v2.dds",100,1,Z-order,33554560,9648326,28.754143,6259.032,5280.288,11539.320,4360.860,true
"iscv2_u1_v2.dds",20,1,Z-order,33554560,9648326,28.754143,3463.945,5093.357,8557.302,2397.853,true
"iscv2_u1_v2.dds",100,2,Z-order,33554560,9648326,28.754143,5174.204,3207.013,8381.218,1829.702,true
"iscv2_u1_v2.dds",20,2,Z-order,33554560,9648326,28.754143,1452.974,3564.756,5017.730,1123.497,true
"iscv2_u1_v2.dds",10,2,Z-order,33554560,9648326,28.754143,1050.645,3308.520,4359.165,1114.837,true
"iscv2_u1_v2.dds",20,3,Z-order,33554560,9648326,28.754143,1698.359,3115.017,4813.375,1439.698,true
"iscv2_u1_v2.dds",10,3,Z-order,33554560,9648326,28.754143,1222.867,3159.162,4382.029,2616.621,true
"iscv2_u1_v2.dds",100,3,Z-order,33554560,9648326,28.754143,5259.087,3642.255,8901.342,1735.122,true
"iscv2_u1_v2.dds",10,4,Z-order,33554560,9648326,28.754143,1373.780,3137.763,4511.542,2363.324,true
"iscv2_u1_v2.dds",100,4,Z-order,33554560,9648326,28.754143,6059.292,3286.084,9345.376,1651.704,true
"iscv2_u1_v2.dds",20,4,Z-order,33554560,9648326,28.754143,3822.251,4878.651,8700.902,1498.183,true
"iscv2_u1_v2.dds",100,5,Z-order,33554560,9648326,28.754143,5775.158,4206.825,9981.983,1385.997,true
"iscv2_u1_v2.dds",20,5,Z-order,33554560,9648326,28.754143,1352.915,2804.612,4157.527,1449.744,true
"iscv2_u1_v2.dds",10,5,Z-order,33554560,9648326,28.754143,1112.823,3271.680,4384.503,1343.149,true
"iscv2_u2_v1.dds",100,1,Z-order,33554560,9831124,29.298921,5355.082,2690.860,8045.942,1282.623,true
"iscv2_u2_v1.dds",20,1,Z-order,33554560,9831124,29.298921,2919.521,4132.060,7051.581,1624.481,true
"iscv2_u2_v1.dds",10,1,Z-order,33554560,9831124,29.298921,1072.587,3504.960,4577.547,1950.803,true
"iscv2_u2_v1.dds",20,2,Z-order,33554560,9831124,29.298921,1939.386,4011.155,5950.541,1449.832,true
"iscv2_u2_v1.dds",10,2,Z-order,33554560,9831124,29.298921,1507.236,4678.695,6185.931,1567.008,true
"iscv2_u2_v1.dds",100,2,Z-order,33554560,9831124,29.298921,5683.167,5994.607,11677.774,3232.024,true
"iscv2_u2_v1.dds",10,3,Z-order,33554560,9831124,29.298921,2327.359,4235.493,6562.852,1846.976,true
"iscv2_u2_v1.dds",100,3,Z-order,33554560,9831124,29.298921,7202.131,3481.552,10683.684,1402.316,true
"iscv2_u2_v1.dds",20,3,Z-order,33554560,9831124,29.298921,1855.241,3367.190,5222.431,1359.526,true
"iscv2_u2_v1.dds",100,4,Z-order,33554560,9831124,29.298921,4240.057,2690.794,6930.851,1018.095,true
"iscv2_u2_v1.dds",20,4,Z-order,33554560,9831124,29.298921,1296.050,2980.226,4276.276,1128.314,true
"iscv2_u2_v1.dds",10,4,Z-order,33554560,9831124,29.298921,1250.044,3240.897,4490.941,1000.021,true
"iscv2_u2_v1.dds",20,5,Z-order,33554560,9831124,29.298921,1487.181,3132.352,4619.533,1150.913,true
"iscv2_u2_v1.dds",10,5,Z-order,33554560,9831124,29.298921,1248.462,4788.205,6036.667,4115.575,true
"iscv2_u2_v1.dds",100,5,Z-order,33554560,9831124,29.298921,6369.229,3231.635,9600.863,1234.223,true
"iscv2_u2_v2.dds",20,1,Z-order,33554560,1116122,3.326290,1124.393,831.420,1955.813,1082.397,true
"iscv2_u2_v2.dds",10,1,Z-order,33554560,1116122,3.326290,932.064,1202.384,2134.447,1002.525,true
"iscv2_u2_v2.dds",100,1,Z-order,33554560,1116122,3.326290,1482.281,685.456,2167.737,845.455,true
"iscv2_u2_v2.dds",10,2,Z-order,33554560,1116122,3.326290,823.136,442.957,1266.093,845.557,true
"iscv2_u2_v2.dds",100,2,Z-order,33554560,1116122,3.326290,1476.041,492.737,1968.777,771.598,true
"iscv2_u2_v2.dds",20,2,Z-order,33554560,1116122,3.326290,719.980,873.196,1593.176,875.275,true
"iscv2_u2_v2.dds",100,3,Z-order,33554560,1116122,3.326290,1564.749,1230.676,2795.425,788.663,true
"iscv2_u2_v2.dds",20,3,Z-order,33554560,1116122,3.326290,898.444,552.998,1451.443,633.009,true
"iscv2_u2_v2.dds",10,3,Z-order,33554560,1116122,3.326290,608.150,547.000,1155.149,681.720,true
"iscv2_u2_v2.dds",20,4,Z-order,33554560,1116122,3.326290,1011.108,750.928,1762.037,1098.180,true
"iscv2_u2_v2.dds",10,4,Z-order,33554560,1116122,3.326290,716.194,598.748,1314.941,694.336,true
"iscv2_u2_v2.dds",100,4,Z-order,33554560,1116122,3.326290,1264.253,563.645,1827.898,649.096,true
"iscv2_u2_v2.dds",10,5,Z-order,33554560,1116122,3.326290,640.251,490.783,1131.034,868.162,true
"iscv2_u2_v2.dds",100,5,Z-order,33554560,1116122,3.326290,1221.939,1025.035,2246.974,966.697,true
"iscv2_u2_v2.dds",20,5,Z-order,33554560,1116122,3.326290,772.532,586.241,1358.773,871.877,true
"iscv2_u2_v4.dds",10,1,Z-order,33554560,3716565,11.076185,1029.074,1524.869,2553.944,804.659,true
"iscv2_u2_v4.dds",100,1,Z-order,33554560,3716565,11.076185,2220.374,2132.164,4352.538,2686.679,true
"iscv2_u2_v4.dds",20,1,Z-order,33554560,3716565,11.076185,1524.532,1579.962,3104.495,916.011,true
"iscv2_u2_v4.dds",100,2,Z-order,33554560,3716565,11.076185,3133.200,1819.141,4952.342,1445.096,true
"iscv2_u2_v4.dds",20,2,Z-order,33554560,3716565,11.076185,2036.037,2997.244,5033.281,1489.402,true
"iscv2_u2_v4.dds",10,2,Z-order,33554560,3716565,11.076185,1132.073,2337.084,3469.156,1038.570,true
"iscv2_u2_v4.dds",20,3,Z-order,33554560,3716565,11.076185,1248.017,1695.153,2943.170,893.093,true
"iscv2_u2_v4.dds",10,3,Z-order,33554560,3716565,11.076185,1018.019,2038.093,3056.112,1022.780,true
"iscv2_u2_v4.dds",100,3,Z-order,33554560,3716565,11.076185,3041.470,1614.763,4656.233,1032.660,true
"iscv2_u2_v4.dds",10,4,Z-order,33554560,3716565,11.076185,1196.873,1785.448,2982.321,997.246,true
"iscv2_u2_v4.dds",100,4,Z-order,33554560,3716565,11.076185,3235.021,1868.797,5103.818,1995.403,true
"iscv2_u2_v4.dds",20,4,Z-order,33554560,3716565,11.076185,1453.883,1525.731,2979.614,1157.712,true
"iscv2_u2_v4.dds",100,5,Z-order,33554560,3716565,11.076185,2815.032,1538.802,4353.834,1015.631,true
"iscv2_u2_v4.dds",20,5,Z-order,33554560,3716565,11.076185,1151.522,1864.149,3015.671,1204.136,true
"iscv2_u2_v4.dds",10,5,Z-order,33554560,3716565,11.076185,878.052,1969.330,2847.382,1320.798,true
"iscv2_u3_v1.dds",100,1,Z-order,33554560,10284166,30.649086,6363.256,3943.240,10306.496,1726.798,true
"iscv2_u3_v1.dds",20,1,Z-order,33554560,10284166,30.649086,2176.942,4355.938,6532.879,1498.889,true
"iscv2_u3_v1.dds",10,1,Z-order,33554560,10284166,30.649086,2634.280,4705.161,7339.441,1448.982,true
"iscv2_u3_v1.dds",20,2,Z-order,33554560,10284166,30.649086,1394.161,1554.516,2948.677,619.980,true
"iscv2_u3_v1.dds",10,2,Z-order,33554560,10284166,30.649086,539.148,1218.498,1757.646,617.861,true
"iscv2_u3_v1.dds",100,2,Z-order,33554560,10284166,30.649086,7068.005,3295.918,10363.923,1233.971,true
"iscv2_u3_v1.dds",10,3,Z-order,33554560,10284166,30.649086,647.091,1667.982,2315.073,589.804,true
"iscv2_u3_v1.dds",100,3,Z-order,33554560,10284166,30.649086,1847.294,1288.471,3135.766,513.581,true
"iscv2_u3_v1.dds",20,3,Z-order,33554560,10284166,30.649086,721.661,1566.267,2287.928,541.867,true
"iscv2_u3_v1.dds",100,4,Z-order,33554560,10284166,30.649086,1953.353,1250.064,3203.417,501.587,true
"iscv2_u3_v1.dds",20,4,Z-order,33554560,10284166,30.649086,633.468,1273.624,1907.092,550.709,true
"iscv2_u3_v1.dds",10,4,Z-order,33554560,10284166,30.649086,477.983,1208.743,1686.726,482.210,true
"iscv2_u3_v1.dds",20,5,Z-order,33554560,10284166,30.649086,631.058,1459.966,2091.024,549.955,true
"iscv2_u3_v1.dds",10,5,Z-order,33554560,10284166,30.649086,493.743,1363.730,1857.473,598.124,true
"iscv2_u3_v1.dds",100,5,Z-order,33554560,10284166,30.649086,1912.909,1257.526,3170.435,502.643,true
"iscv2_u4_v1.dds",20,1,Z-order,33554560,10881787,32.430129,662.034,1131.553,1793.587,500.231,true
"iscv2_u4_v1.dds",10,1,Z-order,33554560,10881787,32.430129,414.240,1307.651,1721.891,505.750,true
"iscv2_u4_v1.dds",100,1,Z-order,33554560,10881787,32.430129,1671.562,1988.308,3659.870,865.691,true
"iscv2_u4_v1.dds",10,2,Z-order,33554560,10881787,32.430129,499.684,1477.950,1977.634,574.120,true
"iscv2_u4_v1.dds",100,2,Z-order,33554560,10881787,32.430129,2148.431,1250.274,3398.706,549.242,true
"iscv2_u4_v1.dds",20,2,Z-order,33554560,10881787,32.430129,661.142,1395.036,2056.178,553.855,true
"iscv2_u4_v1.dds",100,3,Z-order,33554560,10881787,32.430129,2749.984,1499.207,4249.191,731.892,true
"iscv2_u4_v1.dds",20,3,Z-order,33554560,10881787,32.430129,927.894,2066.085,2993.979,638.109,true
"iscv2_u4_v1.dds",10,3,Z-order,33554560,10881787,32.430129,494.815,1239.635,1734.450,519.446,true
"iscv2_u4_v1.dds",20,4,Z-order,33554560,10881787,32.430129,593.016,1275.881,1868.897,551.569,true
"iscv2_u4_v1.dds",10,4,Z-order,33554560,10881787,32.430129,447.589,1238.994,1686.583,564.529,true
"iscv2_u4_v1.dds",100,4,Z-order,33554560,10881787,32.430129,2217.354,1231.594,3448.947,622.508,true
"iscv2_u4_v1.dds",10,5,Z-order,33554560,10881787,32.430129,633.021,1896.512,2529.533,995.690,true
"iscv2_u4_v1.dds",100,5,Z-order,33554560,10881787,32.430129,3255.583,1305.923,4561.506,614.554,true
"iscv2_u4_v1.dds",20,5,Z-order,33554560,10881787,32.430129,750.164,1340.611,2090.775,757.364,true
"kodim01.dds",10,1,Scanline,196736,146292,74.359548,1.281,215.350,216.631,56.494,true
"kodim01.dds",100,1,Scanline,196736,146292,74.359548,0.961,55.092,56.053,62.027,true
"kodim01.dds",20,1,Scanline,196736,146292,74.359548,1.345,67.867,69.212,57.774,true
"kodim01.dds",100,2,Scanline,196736,146292,74.359548,1.169,56.927,58.095,57.707,true
"kodim01.dds",20,2,Scanline,196736,146292,74.359548,1.036,93.630,94.665,60.436,true
"kodim01.dds",10,2,Scanline,196736,146292,74.359548,1.301,54.094,55.396,62.153,true
"kodim01.dds",20,3,Scanline,196736,146292,74.359548,1.325,59.656,60.981,56.852,true
"kodim01.dds",10,3,Scanline,196736,146292,74.359548,1.359,55.720,57.079,60.591,true
"kodim01.dds",100,3,Scanline,196736,146292,74.359548,1.167,69.355,70.522,61.864,true
"kodim01.dds",10,4,Scanline,196736,146292,74.359548,1.238,95.221,96.459,63.169,true
"kodim01.dds",100,4,Scanline,196736,146292,74.359548,1.314,65.986,67.300,69.492,true
"kodim01.dds",20,4,Scanline,196736,146292,74.359548,5.008,51.580,56.588,57.799,true
"kodim01.dds",100,5,Scanline,196736,146292,74.359548,1.419,90.007,91.427,61.809,true
"kodim01.dds",20,5,Scanline,196736,146292,74.359548,1.286,62.982,64.268,63.152,true
"kodim01.dds",10,5,Scanline,196736,146292,74.359548,1.258,102.680,103.938,79.970,true
"kodim02.dds",100,1,Scanline,196736,133761,67.990098,1.584,174.868,176.452,62.251,true
"kodim02.dds",20,1,Scanline,196736,133761,67.990098,1.401,82.172,83.573,57.116,true
"kodim02.dds",10,1,Scanline,196736,133761,67.990098,1.364,97.985,99.349,117.076,true
"kodim02.dds",20,2,Scanline,196736,133761,67.990098,13.480,151.676,165.156,92.788,true
"kodim02.dds",10,2,Scanline,196736,133761,67.990098,4.307,77.226,81.532,82.816,true
"kodim02.dds",100,2,Scanline,196736,133761,67.990098,1.223,65.956,67.179,99.680,true
"kodim02.dds",10,3,Scanline,196736,133761,67.990098,3.726,134.676,138.402,55.979,true
"kodim02.dds",100,3,Scanline,196736,133761,67.990098,6.915,86.795,93.710,64.343,true
"kodim02.dds",20,3,Scanline,196736,133761,67.990098,1.489,97.311,98.799,104.207,true
"kodim02.dds",100,4,Scanline,196736,133761,67.990098,1.649,91.128,92.778,61.638,true
"kodim02.dds",20,4,Scanline,196736,133761,67.990098,1.193,65.291,66.484,76.021,true
"kodim02.dds",10,4,Scanline,196736,133761,67.990098,1.215,64.218,65.433,59.316,true
"kodim02.dds",20,5,Scanline,196736,133761,67.990098,3.172,78.096,81.268,70.122,true
"kodim02.dds",10,5,Scanline,196736,133761,67.990098,3.639,61.620,65.259,61.751,true
"kodim02.dds",100,5,Scanline,196736,133761,67.990098,1.238,78.855,80.093,55.068,true
"kodim03.dds",20,1,Scanline,196736,124642,63.354953,1.227,120.423,121.650,82.536,true
"kodim03.dds",10,1,Scanline,196736,124642,63.354953,1.694,68.847,70.541,80.497,true
"kodim03.dds",100,1,Scanline,196736,124642,63.354953,1.224,63.577,64.802,65.499,true
"kodim03.dds",10,2,Scanline,196736,124642,63.354953,1.205,79.610,80.816,97.308,true
"kodim03.dds",100,2,Scanline,196736,124642,63.354953,1.194,81.956,83.150,68.318,true
"kodim03.dds",20,2,Scanline,196736,124642,63.354953,7.348,73.548,80.896,65.731,true
"kodim03.dds",100,3,Scanline,196736,124642,63.354953,1.367,56.534,57.900,68.469,true
"kodim03.dds",20,3,Scanline,196736,124642,63.354953,1.532,57.139,58.671,64.222,true
"kodim03.dds",10,3,Scanline,196736,124642,63.354953,1.212,80.883,82.095,79.876,true
"kodim03.dds",20,4,Scanline,196736,124642,63.354953,1.295,112.633,113.928,68.340,true
"kodim03.dds",10,4,Scanline,196736,124642,63.354953,1.544,85.478,87.022,60.913,true
"kodim03.dds",100,4,Scanline,196736,124642,63.354953,1.235,75.315,76.550,57.982,true
"kodim03.dds",10,5,Scanline,196736,124642,63.354953,4.957,69.239,74.196,54.271,true
"kodim03.dds",100,5,Scanline,196736,124642,63.354953,1.219,78.646,79.865,62.482,true
"kodim03.dds",20,5,Scanline,196736,124642,63.354953,1.276,60.856,62.132,55.411,true
"kodim04.dds",10,1,Scanline,196736,143276,72.826529,1.274,137.124,138.397,64.994,true
"kodim04.dds",100,1,Scanline,196736,143276,72.826529,1.175,51.887,53.062,61.001,true
"kodim04.dds",20,1,Scanline,196736,143276,72.826529,1.429,64.171,65.599,61.704,true
"kodim04.dds",100,2,Scanline,196736,143276,72.826529,1.232,54.579,55.811,61.191,true
"kodim04.dds",20,2,Scanline,196736,143276,72.826529,1.300,76.006,77.305,67.336,true
"kodim04.dds",10,2,Scanline,196736,143276,72.826529,1.562,79.587,81.149,56.181,true
"kodim04.dds",20,3,Scanline,196736,143276,72.826529,1.816,77.236,79.051,56.608,true
"kodim04.dds",10,3,Scanline,196736,143276,72.826529,1.355,58.509,59.864,65.884,true
"kodim04.dds",100,3,Scanline,196736,143276,72.826529,1.374,79.999,81.374,55.348,true
"kodim04.dds",10,4,Scanline,196736,143276,72.826529,1.628,74.305,75.933,60.745,true
"kodim04.dds",100,4,Scanline,196736,143276,72.826529,1.300,75.557,76.857,57.573,true
"kodim04.dds",20,4,Scanline,196736,143276,72.826529,1.664,85.856,87.520,62.501,true
"kodim04.dds",100,5,Scanline,196736,143276,72.826529,1.209,79.262,80.472,59.431,true
"kodim04.dds",20,5,Scanline,196736,143276,72.826529,4.067,94.862,98.928,57.177,true
"kodim04.dds",10,5,Scanline,196736,143276,72.826529,1.613,97.933,99.546,69.728,true
"kodim05.dds",100,1,Scanline,196736,159598,81.122926,4.529,120.206,124.736,66.436,true
"kodim05.dds",20,1,Scanline,196736,159598,81.122926,1.340,63.328,64.669,61.255,true
"kodim05.dds",10,1,Scanline,196736,159598,81.122926,1.268,71.908,73.177,62.962,true
"kodim05.dds",20,2,Scanline,196736,159598,81.122926,1.253,64.188,65.440,61.163,true
"kodim05.dds",10,2,Scanline,196736,159598,81.122926,1.609,78.783,80.392,66.573,true
"kodim05.dds",100,2,Scanline,196736,159598,81.122926,1.273,67.494,68.767,61.331,true
"kodim05.dds",10,3,Scanline,196736,159598,81.122926,1.200,88.746,89.947,60.740,true
"kodim05.dds",100,3,Scanline,196736,159598,81.122926,1.283,66.654,67.937,58.687,true
"kodim05.dds",20,3,Scanline,196736,159598,81.122926,1.301,56.817,58.118,60.445,true
"kodim05.dds",100,4,Scanline,196736,159598,81.122926,1.143,51.560,52.703,58.430,true
"kodim05.dds",20,4,Scanline,196736,159598,81.122926,1.336,97.531,98.867,63.223,true
"kodim05.dds",10,4,Scanline,196736,159598,81.122926,1.156,67.337,68.493,59.912,true
"kodim05.dds",20,5,Scanline,196736,159598,81.122926,1.334,80.408,81.742,55.932,true
"kodim05.dds",10,5,Scanline,196736,159598,81.122926,1.209,82.996,84.205,57.387,true
"kodim05.dds",100,5,Scanline,196736,159598,81.122926,1.159,49.053,50.212,54.718,true
"kodim06.dds",20,1,Scanline,196736,136318,69.289810,1.393,109.197,110.591,68.386,true
"kodim06.dds",10,1,Scanline,196736,136318,69.289810,1.165,69.752,70.918,72.070,true
"kodim06.dds",100,1,Scanline,196736,136318,69.289810,1.141,84.947,86.088,53.126,true
"kodim06.dds",10,2,Scanline,196736,136318,69.289810,0.977,58.279,59.256,63.292,true
"kodim06.dds",100,2,Scanline,196736,136318,69.289810,5.896,56.191,62.086,87.713,true
"kodim06.dds",20,2,Scanline,196736,136318,69.289810,2.414,81.070,83.484,64.460,true
"kodim06.dds",100,3,Scanline,196736,136318,69.289810,1.248,69.065,70.313,58.164,true
"kodim06.dds",20,3,Scanline,196736,136318,69.289810,1.207,81.665,82.873,57.330,true
"kodim06.dds",10,3,Scanline,196736,136318,69.289810,0.851,67.502,68.353,56.993,true
"kodim06.dds",20,4,Scanline,196736,136318,69.289810,1.278,69.376,70.653,62.594,true
"kodim06.dds",10,4,Scanline,196736,136318,69.289810,1.237,93.277,94.514,55.390,true
"kodim06.dds",100,4,Scanline,196736,136318,69.289810,1.186,54.899,56.085,54.208,true
"kodim06.dds",10,5,Scanline,196736,136318,69.289810,0.948,78.424,79.372,63.442,true
"kodim06.dds",100,5,Scanline,196736,136318,69.289810,1.321,77.240,78.561,57.818,true
"kodim06.dds",20,5,Scanline,196736,136318,69.289810,1.280,65.684,66.964,60.700,true
"kodim07.dds",10,1,Scanline,196736,131167,66.671580,0.993,113.176,114.169,58.325,true
"kodim07.dds",100,1,Scanline,196736,131167,66.671580,1.772,88.144,89.916,81.930,true
"kodim07.dds",20,1,Scanline,196736,131167,66.671580,1.772,55.195,56.967,81.165,true
"kodim07.dds",100,2,Scanline,196736,131167,66.671580,1.274,56.873,58.147,56.294,true
"kodim07.dds",20,2,Scanline,196736,131167,66.671580,2.552,76.025,78.577,70.369,true
"kodim07.dds",10,2,Scanline,196736,131167,66.671580,2.024,72.797,74.821,58.482,true
"kodim07.dds",20,3,Scanline,196736,131167,66.671580,1.302,80.801,82.104,57.099,true
"kodim07.dds",10,3,Scanline,196736,131167,66.671580,1.567,53.406,54.973,94.234,true
"kodim07.dds",100,3,Scanline,196736,131167,66.671580,1.153,96.431,97.585,57.136,true
"kodim07.dds",10,4,Scanline,196736,131167,66.671580,0.944,77.626,78.569,57.952,true
"kodim07.dds",100,4,Scanline,196736,131167,66.671580,4.540,68.456,72.996,75.487,true
"kodim07.dds",20,4,Scanline,196736,131167,66.671580,1.588,84.426,86.014,57.373,true
"kodim07.dds",100,5,Scanline,196736,131167,66.671580,1.724,54.080,55.804,54.563,true
"kodim07.dds",20,5,Scanline,196736,131167,66.671580,1.317,70.584,71.902,59.913,true
"kodim07.dds",10,5,Scanline,196736,131167,66.671580,1.307,80.092,81.399,63.466,true
"kodim08.dds",100,1,Scanline,196736,159148,80.894193,1.260,70.072,71.332,64.110,true
"kodim08.dds",20,1,Scanline,196736,159148,80.894193,0.952,57.124,58.076,60.606,true
"kodim08.dds",10,1,Scanline,196736,159148,80.894193,1.183,76.541,77.725,56.110,true
"kodim08.dds",20,2,Scanline,196736,159148,80.894193,4.992,75.116,80.108,96.564,true
"kodim08.dds",10,2,Scanline,196736,159148,80.894193,27.850,62.245,90.095,75.328,true
"kodim08.dds",100,2,Scanline,196736,159148,80.894193,1.483,76.222,77.705,59.397,true
"kodim08.dds",10,3,Scanline,196736,159148,80.894193,0.882,49.287,50.169,82.085,true
"kodim08.dds",100,3,Scanline,196736,159148,80.894193,3.781,49.873,53.653,56.931,true
"kodim08.dds",20,3,Scanline,196736,159148,80.894193,1.205,73.422,74.627,60.346,true
"kodim08.dds",100,4,Scanline,196736,159148,80.894193,1.200,83.468,84.668,90.047,true
"kodim08.dds",20,4,Scanline,196736,159148,80.894193,0.917,58.423,59.340,75.748,true
"kodim08.dds",10,4,Scanline,196736,159148,80.894193,1.278,80.346,81.624,76.991,true
"kodim08.dds",20,5,Scanline,196736,159148,80.894193,1.335,69.638,70.973,62.550,true
"kodim08.dds",10,5,Scanline,196736,159148,80.894193,0.830,74.359,75.189,70.378,true
"kodim08.dds",100,5,Scanline,196736,159148,80.894193,1.171,74.558,75.730,68.070,true
"kodim09.dds",20,1,Scanline,196736,129761,65.956917,6.992,74.825,81.818,78.092,true
"kodim09.dds",10,1,Scanline,196736,129761,65.956917,0.847,84.623,85.470,62.987,true
"kodim09.dds",100,1,Scanline,196736,129761,65.956917,3.816,56.981,60.797,64.676,true
"kodim09.dds",10,2,Scanline,196736,129761,65.956917,1.186,58.594,59.780,59.502,true
"kodim09.dds",100,2,Scanline,196736,129761,65.956917,0.852,73.453,74.305,60.433,true
"kodim09.dds",20,2,Scanline,196736,129761,65.956917,1.194,93.555,94.749,57.874,true
"kodim09.dds",100,3,Scanline,196736,129761,65.956917,1.602,55.270,56.872,67.546,true
"kodim09.dds",20,3,Scanline,196736,129761,65.956917,0.942,71.043,71.984,69.402,true
"kodim09.dds",10,3,Scanline,196736,129761,65.956917,3.491,75.093,78.584,57.152,true
"kodim09.dds",20,4,Scanline,196736,129761,65.956917,1.168,81.875,83.043,57.914,true
"kodim09.dds",10,4,Scanline,196736,129761,65.956917,0.853,67.265,68.118,67.242,true
"kodim09.dds",100,4,Scanline,196736,129761,65.956917,1.292,62.319,63.611,60.105,true
"kodim09.dds",10,5,Scanline,196736,129761,65.956917,1.187,82.228,83.415,57.220,true
"kodim09.dds",100,5,Scanline,196736,129761,65.956917,1.971,79.789,81.760,58.851,true
"kodim09.dds",20,5,Scanline,196736,129761,65.956917,1.191,71.795,72.985,68.851,true
"kodim10.dds",10,1,Scanline,196736,137986,70.137646,1.713,73.647,75.361,57.278,true
"kodim10.dds",100,1,Scanline,196736,137986,70.137646,1.445,71.015,72.460,65.049,true
"kodim10.dds",20,1,Scanline,196736,137986,70.137646,1.276,48.895,50.170,57.795,true
"kodim10.dds",100,2,Scanline,196736,137986,70.137646,1.377,52.070,53.447,82.024,true
"kodim10.dds",20,2,Scanline,196736,137986,70.137646,1.313,97.927,99.241,62.380,true
"kodim10.dds",10,2,Scanline,196736,137986,70.137646,1.266,69.147,70.413,64.259,true
"kodim10.dds",20,3,Scanline,196736,137986,70.137646,1.340,49.219,50.560,76.253,true
"kodim10.dds",10,3,Scanline,196736,137986,70.137646,1.291,66.955,68.246,64.096,true
"kodim10.dds",100,3,Scanline,196736,137986,70.137646,1.126,66.161,67.287,83.697,true
"kodim10.dds",10,4,Scanline,196736,137986,70.137646,1.290,50.732,52.022,63.526,true
"kodim10.dds",100,4,Scanline,196736,137986,70.137646,1.230,64.528,65.758,66.581,true
"kodim10.dds",20,4,Scanline,196736,137986,70.137646,1.242,64.944,66.186,82.759,true
"kodim10.dds",100,5,Scanline,196736,137986,70.137646,1.215,57.904,59.120,63.511,true
"kodim10.dds",20,5,Scanline,196736,137986,70.137646,1.039,79.110,80.149,55.114,true
"kodim10.dds",10,5,Scanline,196736,137986,70.137646,1.228,61.167,62.395,73.390,true
"kodim11.dds",100,1,Scanline,196736,139869,71.094767,3.938,76.493,80.431,61.961,true
"kodim11.dds",20,1,Scanline,196736,139869,71.094767,0.874,73.502,74.376,53.502,true
"kodim11.dds",10,1,Scanline,196736,139869,71.094767,0.837,50.163,51.000,65.090,true
"kodim11.dds",20,2,Scanline,196736,139869,71.094767,1.382,79.834,81.216,65.152,true
"kodim11.dds",10,2,Scanline,196736,139869,71.094767,4.087,56.763,60.849,75.920,true
"kodim11.dds",100,2,Scanline,196736,139869,71.094767,1.138,65.356,66.493,58.559,true
"kodim11.dds",10,3,Scanline,196736,139869,71.094767,1.189,70.219,71.408,81.527,true
"kodim11.dds",100,3,Scanline,196736,139869,71.094767,1.183,55.451,56.634,56.545,true
"kodim11.dds",20,3,Scanline,196736,139869,71.094767,0.928,49.871,50.799,61.364,true
"kodim11.dds",100,4,Scanline,196736,139869,71.094767,1.242,63.993,65.235,53.205,true
"kodim11.dds",20,4,Scanline,196736,139869,71.094767,0.870,64.032,64.902,59.417,true
"kodim11.dds",10,4,Scanline,196736,139869,71.094767,0.872,57.332,58.204,57.980,true
"kodim11.dds",20,5,Scanline,196736,139869,71.094767,1.205,53.458,54.663,61.841,true
"kodim11.dds",10,5,Scanline,196736,139869,71.094767,1.182,80.122,81.304,63.272,true
"kodim11.dds",100,5,Scanline,196736,139869,71.094767,0.877,62.047,62.924,67.994,true
"kodim12.dds",20,1,Scanline,196736,128360,65.244795,4.886,53.809,58.695,55.428,true
"kodim12.dds",10,1,Scanline,196736,128360,65.244795,1.401,80.658,82.058,67.849,true
"kodim12.dds",100,1,Scanline,196736,128360,65.244795,0.817,49.089,49.906,57.141,true
"kodim12.dds",10,2,Scanline,196736,128360,65.244795,1.135,71.264,72.400,61.776,true
"kodim12.dds",100,2,Scanline,196736,128360,65.244795,1.214,49.658,50.873,57.979,true
"kodim12.dds",20,2,Scanline,196736,128360,65.244795,0.842,83.476,84.318,62.177,true
"kodim12.dds",100,3,Scanline,196736,128360,65.244795,0.784,71.086,71.870,63.564,true
"kodim12.dds",20,3,Scanline,196736,128360,65.244795,0.876,55.731,56.607,67.070,true
"kodim12.dds",10,3,Scanline,196736,128360,65.244795,4.953,54.619,59.572,65.027,true
"kodim12.dds",20,4,Scanline,196736,128360,65.244795,1.694,59.369,61.063,56.859,true
"kodim12.dds",10,4,Scanline,196736,128360,65.244795,0.954,50.943,51.897,65.487,true
"kodim12.dds",100,4,Scanline,196736,128360,65.244795,12.906,101.269,114.175,56.002,true
"kodim12.dds",10,5,Scanline,196736,128360,65.244795,1.248,68.559,69.807,65.123,true
"kodim12.dds",100,5,Scanline,196736,128360,65.244795,0.855,68.492,69.347,61.863,true
"kodim12.dds",20,5,Scanline,196736,128360,65.244795,0.940,64.153,65.093,65.486,true
"kodim13.dds",10,1,Scanline,196736,161615,82.148158,1.427,71.472,72.899,69.956,true
"kodim13.dds",100,1,Scanline,196736,161615,82.148158,0.841,69.567,70.408,160.589,true
"kodim13.dds",20,1,Scanline,196736,161615,82.148158,0.888,71.390,72.278,64.685,true
"kodim13.dds",100,2,Scanline,196736,161615,82.148158,1.399,50.487,51.886,56.284,true
"kodim13.dds",20,2,Scanline,196736,161615,82.148158,1.277,51.477,52.755,72.297,true
"kodim13.dds",10,2,Scanline,196736,161615,82.148158,0.996,48.918,49.913,57.469,true
"kodim13.dds",20,3,Scanline,196736,161615,82.148158,0.998,61.256,62.254,65.723,true
"kodim13.dds",10,3,Scanline,196736,161615,82.148158,1.585,62.589,64.174,78.666,true
"kodim13.dds",100,3,Scanline,196736,161615,82.148158,0.924,59.486,60.410,83.275,true
"kodim13.dds",10,4,Scanline,196736,161615,82.148158,1.154,50.219,51.373,55.766,true
"kodim13.dds",100,4,Scanline,196736,161615,82.148158,0.839,71.627,72.466,68.253,true
"kodim13.dds",20,4,Scanline,196736,161615,82.148158,1.133,48.663,49.796,57.283,true
"kodim13.dds",100,5,Scanline,196736,161615,82.148158,3.214,55.086,58.300,61.454,true
"kodim13.dds",20,5,Scanline,196736,161615,82.148158,1.189,69.314,70.503,61.431,true
"kodim13.dds",10,5,Scanline,196736,161615,82.148158,0.882,49.906,50.788,66.783,true
"kodim14.dds",100,1,Scanline,196736,150781,76.641286,0.861,55.595,56.457,60.558,true
"kodim14.dds",20,1,Scanline,196736,150781,76.641286,0.935,74.688,75.623,61.543,true
"kodim14.dds",10,1,Scanline,196736,150781,76.641286,1.033,66.670,67.703,62.639,true
"kodim14.dds",20,2,Scanline,196736,150781,76.641286,1.220,86.314,87.534,59.267,true
"kodim14.dds",10,2,Scanline,196736,150781,76.641286,0.953,71.345,72.298,61.308,true
"kodim14.dds",100,2,Scanline,196736,150781,76.641286,1.166,75.431,76.597,71.728,true
"kodim14.dds",10,3,Scanline,196736,150781,76.641286,5.309,86.987,92.296,71.044,true
"kodim14.dds",100,3,Scanline,196736,150781,76.641286,1.193,49.485,50.678,56.441,true
"kodim14.dds",20,3,Scanline,196736,150781,76.641286,0.972,50.241,51.213,72.503,true
"kodim14.dds",100,4,Scanline,196736,150781,76.641286,2.121,54.835,56.955,62.694,true
"kodim14.dds",20,4,Scanline,196736,150781,76.641286,6.981,73.636,80.618,65.313,true
"kodim14.dds",10,4,Scanline,196736,150781,76.641286,4.507,44.660,49.168,60.067,true
"kodim14.dds",20,5,Scanline,196736,150781,76.641286,0.997,57.514,58.511,77.237,true
"kodim14.dds",10,5,Scanline,196736,150781,76.641286,1.183,70.002,71.186,60.960,true
"kodim14.dds",100,5,Scanline,196736,150781,76.641286,0.866,63.705,64.571,62.427,true
"kodim15.dds",20,1,Scanline,196736,137228,69.752358,1.017,49.175,50.192,71.404,true
"kodim15.dds",10,1,Scanline,196736,137228,69.752358,0.872,55.525,56.398,58.524,true
"kodim15.dds",100,1,Scanline,196736,137228,69.752358,0.833,48.348,49.181,63.379,true
"kodim15.dds",10,2,Scanline,196736,137228,69.752358,0.897,49.130,50.028,62.901,true
"kodim15.dds",100,2,Scanline,196736,137228,69.752358,1.017,59.022,60.039,53.559,true
"kodim15.dds",20,2,Scanline,196736,137228,69.752358,1.557,51.937,53.494,60.709,true
"kodim15.dds",100,3,Scanline,196736,137228,69.752358,0.842,57.261,58.103,56.611,true
"kodim15.dds",20,3,Scanline,196736,137228,69.752358,3.398,50.147,53.545,75.346,true
"kodim15.dds",10,3,Scanline,196736,137228,69.752358,7.807,87.538,95.345,369.561,true
"kodim15.dds",20,4,Scanline,196736,137228,69.752358,1.215,65.216,66.431,57.026,true
"kodim15.dds",10,4,Scanline,196736,137228,69.752358,0.960,50.048,51.008,58.161,true
"kodim15.dds",100,4,Scanline,196736,137228,69.752358,1.388,53.785,55.173,62.765,true
"kodim15.dds",10,5,Scanline,196736,137228,69.752358,3.101,56.048,59.150,56.341,true
"kodim15.dds",100,5,Scanline,196736,137228,69.752358,0.932,63.467,64.399,61.969,true
"kodim15.dds",20,5,Scanline,196736,137228,69.752358,1.218,87.683,88.901,115.788,true
"kodim16.dds",10,1,Scanline,196736,126091,64.091473,0.870,118.791,119.661,101.959,true
"kodim16.dds",100,1,Scanline,196736,126091,64.091473,17.308,65.130,82.438,71.440,true
"kodim16.dds",20,1,Scanline,196736,126091,64.091473,1.303,116.814,118.117,90.248,true
"kodim16.dds",100,2,Scanline,196736,126091,64.091473,4.429,128.901,133.330,82.861,true
"kodim16.dds",20,2,Scanline,196736,126091,64.091473,1.154,159.816,160.971,118.452,true
"kodim16.dds",10,2,Scanline,196736,126091,64.091473,1.283,131.576,132.858,65.343,true
"kodim16.dds",20,3,Scanline,196736,126091,64.091473,1.065,67.320,68.385,100.028,true
"kodim16.dds",10,3,Scanline,196736,126091,64.091473,1.003,64.063,65.065,68.048,true
"kodim16.dds",100,3,Scanline,196736,126091,64.091473,0.963,62.639,63.602,66.434,true
"kodim16.dds",10,4,Scanline,196736,126091,64.091473,1.328,59.125,60.453,69.424,true
"kodim16.dds",100,4,Scanline,196736,126091,64.091473,0.837,49.966,50.803,64.525,true
"kodim16.dds",20,4,Scanline,196736,126091,64.091473,1.054,68.678,69.732,79.126,true
"kodim16.dds",100,5,Scanline,196736,126091,64.091473,1.262,100.918,102.180,81.183,true
"kodim16.dds",20,5,Scanline,196736,126091,64.091473,1.276,62.908,64.184,56.196,true
"kodim16.dds",10,5,Scanline,196736,126091,64.091473,0.912,54.633,55.545,52.621,true
"kodim17.dds",100,1,Scanline,196736,139617,70.966676,0.893,53.497,54.390,70.672,true
"kodim17.dds",20,1,Scanline,196736,139617,70.966676,0.881,68.243,69.125,56.828,true
"kodim17.dds",10,1,Scanline,196736,139617,70.966676,0.839,48.812,49.651,64.741,true
"kodim17.dds",20,2,Scanline,196736,139617,70.966676,1.120,80.024,81.144,55.522,true
"kodim17.dds",10,2,Scanline,196736,139617,70.966676,9.552,80.588,90.140,58.903,true
"kodim17.dds",100,2,Scanline,196736,139617,70.966676,0.936,73.964,74.901,58.637,true
"kodim17.dds",10,3,Scanline,196736,139617,70.966676,1.150,75.515,76.665,67.472,true
"kodim17.dds",100,3,Scanline,196736,139617,70.966676,1.004,65.710,66.714,54.024,true
"kodim17.dds",20,3,Scanline,196736,139617,70.966676,1.213,72.545,73.758,67.076,true
"kodim17.dds",100,4,Scanline,196736,139617,70.966676,0.942,48.314,49.256,66.158,true
"kodim17.dds",20,4,Scanline,196736,139617,70.966676,1.296,87.829,89.125,61.868,true
"kodim17.dds",10,4,Scanline,196736,139617,70.966676,0.833,64.830,65.664,79.360,true
"kodim17.dds",20,5,Scanline,196736,139617,70.966676,0.993,76.889,77.882,102.426,true
"kodim17.dds",10,5,Scanline,196736,139617,70.966676,6.657,100.636,107.293,72.467,true
"kodim17.dds",100,5,Scanline,196736,139617,70.966676,1.292,52.303,53.595,62.895,true
"kodim18.dds",20,1,Scanline,196736,159436,81.040582,0.930,61.903,62.833,56.011,true
"kodim18.dds",10,1,Scanline,196736,159436,81.040582,1.020,52.115,53.135,74.043,true
"kodim18.dds",100,1,Scanline,196736,159436,81.040582,2.023,61.165,63.188,61.733,true
"kodim18.dds",10,2,Scanline,196736,159436,81.040582,1.337,65.594,66.931,66.883,true
"kodim18.dds",100,2,Scanline,196736,159436,81.040582,1.270,63.200,64.470,70.139,true
"kodim18.dds",20,2,Scanline,196736,159436,81.040582,1.562,69.699,71.261,64.072,true
"kodim18.dds",100,3,Scanline,196736,159436,81.040582,0.866,70.371,71.237,57.350,true
"kodim18.dds",20,3,Scanline,196736,159436,81.040582,0.859,69.993,70.851,69.400,true
"kodim18.dds",10,3,Scanline,196736,159436,81.040582,1.127,65.495,66.623,74.679,true
"kodim18.dds",20,4,Scanline,196736,159436,81.040582,4.410,79.727,84.137,60.333,true
"kodim18.dds",10,4,Scanline,196736,159436,81.040582,1.206,90.774,91.981,64.274,true
"kodim18.dds",100,4,Scanline,196736,159436,81.040582,0.808,66.276,67.085,54.697,true
"kodim18.dds",10,5,Scanline,196736,159436,81.040582,0.947,402.484,403.431,529.067,true
"kodim18.dds",100,5,Scanline,196736,159436,81.040582,7.625,104.813,112.438,87.665,true
"kodim18.dds",20,5,Scanline,196736,159436,81.040582,1.178,83.719,84.898,70.137,true
"kodim19.dds",10,1,Scanline,196736,139930,71.125773,0.961,89.454,90.415,66.279,true
"kodim19.dds",100,1,Scanline,196736,139930,71.125773,1.086,109.960,111.047,81.948,true
"kodim19.dds",20,1,Scanline,196736,139930,71.125773,1.226,81.847,83.073,146.035,true
"kodim19.dds",100,2,Scanline,196736,139930,71.125773,12.537,63.047,75.584,70.442,true
"kodim19.dds",20,2,Scanline,196736,139930,71.125773,0.933,127.994,128.927,83.946,true
"kodim19.dds",10,2,Scanline,196736,139930,71.125773,1.054,67.424,68.477,94.592,true
"kodim19.dds",20,3,Scanline,196736,139930,71.125773,1.199,83.206,84.405,63.399,true
"kodim19.dds",10,3,Scanline,196736,139930,71.125773,4.827,111.745,116.572,61.686,true
"kodim19.dds",100,3,Scanline,196736,139930,71.125773,0.909,93.829,94.738,121.840,true
"kodim19.dds",10,4,Scanline,196736,139930,71.125773,1.045,68.883,69.929,87.309,true
"kodim19.dds",100,4,Scanline,196736,139930,71.125773,1.271,56.889,58.160,57.431,true
"kodim19.dds",20,4,Scanline,196736,139930,71.125773,0.874,64.787,65.661,65.143,true
"kodim19.dds",100,5,Scanline,196736,139930,71.125773,0.869,55.397,56.267,58.510,true
"kodim19.dds",20,5,Scanline,196736,139930,71.125773,1.007,90.579,91.586,75.028,true
"kodim19.dds",10,5,Scanline,196736,139930,71.125773,1.022,66.943,67.965,63.849,true
"kodim20.dds",100,1,Scanline,196736,117601,59.776045,1.347,66.257,67.604,78.858,true
"kodim20.dds",20,1,Scanline,196736,117601,59.776045,1.038,68.504,69.542,60.764,true
"kodim20.dds",10,1,Scanline,196736,117601,59.776045,1.201,77.948,79.149,53.449,true
"kodim20.dds",20,2,Scanline,196736,117601,59.776045,0.908,48.733,49.642,55.319,true
"kodim20.dds",10,2,Scanline,196736,117601,59.776045,0.891,52.736,53.627,59.385,true
"kodim20.dds",100,2,Scanline,196736,117601,59.776045,0.947,47.583,48.530,62.625,true
"kodim20.dds",10,3,Scanline,196736,117601,59.776045,1.189,50.047,51.236,61.883,true
"kodim20.dds",100,3,Scanline,196736,117601,59.776045,0.852,47.255,48.107,56.206,true
"kodim20.dds",20,3,Scanline,196736,117601,59.776045,0.906,51.971,52.877,64.181,true
"kodim20.dds",100,4,Scanline,196736,117601,59.776045,1.026,63.715,64.741,56.762,true
"kodim20.dds",20,4,Scanline,196736,117601,59.776045,1.191,50.479,51.670,90.298,true
"kodim20.dds",10,4,Scanline,196736,117601,59.776045,0.841,49.865,50.705,57.387,true
"kodim20.dds",20,5,Scanline,196736,117601,59.776045,0.974,69.024,69.998,60.366,true
"kodim20.dds",10,5,Scanline,196736,117601,59.776045,1.160,48.099,49.259,64.076,true
"kodim20.dds",100,5,Scanline,196736,117601,59.776045,0.992,49.961,50.953,55.221,true
"kodim21.dds",20,1,Scanline,196736,139186,70.747601,1.298,67.631,68.929,55.785,true
"kodim21.dds",10,1,Scanline,196736,139186,70.747601,0.964,52.323,53.287,70.186,true
"kodim21.dds",100,1,Scanline,196736,139186,70.747601,1.213,65.551,66.764,64.605,true
"kodim21.dds",10,2,Scanline,196736,139186,70.747601,0.849,70.888,71.737,64.297,true
"kodim21.dds",100,2,Scanline,196736,139186,70.747601,0.885,86.095,86.980,63.464,true
"kodim21.dds",20,2,Scanline,196736,139186,70.747601,0.876,93.696,94.571,68.228,true
"kodim21.dds",100,3,Scanline,196736,139186,70.747601,0.931,80.646,81.576,78.082,true
"kodim21.dds",20,3,Scanline,196736,139186,70.747601,0.953,50.364,51.316,58.678,true
"kodim21.dds",10,3,Scanline,196736,139186,70.747601,0.871,55.408,56.279,68.113,true
"kodim21.dds",20,4,Scanline,196736,139186,70.747601,1.134,49.482,50.617,55.490,true
"kodim21.dds",10,4,Scanline,196736,139186,70.747601,0.922,72.914,73.837,62.742,true
"kodim21.dds",100,4,Scanline,196736,139186,70.747601,1.033,58.686,59.719,55.711,true
"kodim21.dds",10,5,Scanline,196736,139186,70.747601,5.342,52.845,58.188,53.649,true
"kodim21.dds",100,5,Scanline,196736,139186,70.747601,7.292,73.948,81.241,56.014,true
"kodim21.dds",20,5,Scanline,196736,139186,70.747601,0.884,63.447,64.331,57.419,true
"kodim22.dds",10,1,Scanline,196736,154179,78.368473,1.085,80.993,82.078,75.916,true
"kodim22.dds",100,1,Scanline,196736,154179,78.368473,1.605,85.765,87.370,83.529,true
"kodim22.dds",20,1,Scanline,196736,154179,78.368473,0.873,82.367,83.240,64.281,true
"kodim22.dds",100,2,Scanline,196736,154179,78.368473,0.935,116.717,117.652,59.825,true
"kodim22.dds",20,2,Scanline,196736,154179,78.368473,0.867,49.707,50.575,63.454,true
"kodim22.dds",10,2,Scanline,196736,154179,78.368473,0.825,63.126,63.951,63.035,true
"kodim22.dds",20,3,Scanline,196736,154179,78.368473,0.876,81.534,82.410,65.574,true
"kodim22.dds",10,3,Scanline,196736,154179,78.368473,0.843,50.179,51.022,62.406,true
"kodim22.dds",100,3,Scanline,196736,154179,78.368473,4.877,72.578,77.455,85.305,true
"kodim22.dds",10,4,Scanline,196736,154179,78.368473,4.477,52.419,56.896,92.510,true
"kodim22.dds",100,4,Scanline,196736,154179,78.368473,1.445,53.916,55.361,53.663,true
"kodim22.dds",20,4,Scanline,196736,154179,78.368473,1.024,69.109,70.133,77.379,true
"kodim22.dds",100,5,Scanline,196736,154179,78.368473,1.185,66.466,67.651,56.525,true
"kodim22.dds",20,5,Scanline,196736,154179,78.368473,0.883,72.947,73.831,76.383,true
"kodim22.dds",10,5,Scanline,196736,154179,78.368473,0.837,49.409,50.245,60.319,true
"kodim23.dds",100,1,Scanline,196736,143749,73.066953,2.093,60.755,62.848,64.829,true
"kodim23.dds",20,1,Scanline,196736,143749,73.066953,0.850,151.028,151.877,75.184,true
"kodim23.dds",10,1,Scanline,196736,143749,73.066953,1.290,64.704,65.994,81.390,true
"kodim23.dds",20,2,Scanline,196736,143749,73.066953,0.910,197.781,198.691,146.218,true
"kodim23.dds",10,2,Scanline,196736,143749,73.066953,0.814,81.404,82.218,56.179,true
"kodim23.dds",100,2,Scanline,196736,143749,73.066953,0.879,69.425,70.305,179.087,true
"kodim23.dds",10,3,Scanline,196736,143749,73.066953,2.836,100.564,103.399,88.546,true
"kodim23.dds",100,3,Scanline,196736,143749,73.066953,0.796,60.098,60.894,55.954,true
"kodim23.dds",20,3,Scanline,196736,143749,73.066953,0.926,75.386,76.312,163.282,true
"kodim23.dds",100,4,Scanline,196736,143749,73.066953,1.206,87.494,88.701,102.564,true
"kodim23.dds",20,4,Scanline,196736,143749,73.066953,2.733,55.664,58.397,64.984,true
"kodim23.dds",10,4,Scanline,196736,143749,73.066953,4.242,77.192,81.434,177.376,true
"kodim23.dds",20,5,Scanline,196736,143749,73.066953,1.970,80.899,82.869,97.086,true
"kodim23.dds",10,5,Scanline,196736,143749,73.066953,0.830,78.055,78.885,53.475,true
"kodim23.dds",100,5,Scanline,196736,143749,73.066953,1.386,71.688,73.074,234.347,true
"kodim24.dds",20,1,Scanline,196736,147000,74.719421,1.152,87.196,88.348,98.740,true
"kodim24.dds",10,1,Scanline,196736,147000,74.719421,0.940,74.500,75.440,63.571,true
"kodim24.dds",100,1,Scanline,196736,147000,74.719421,1.077,68.753,69.830,175.207,true
"kodim24.dds",10,2,Scanline,196736,147000,74.719421,24.787,138.888,163.675,62.794,true
"kodim24.dds",100,2,Scanline,196736,147000,74.719421,0.822,134.820,135.642,317.466,true
"kodim24.dds",20,2,Scanline,196736,147000,74.719421,14.276,62.395,76.671,60.761,true
"kodim24.dds",100,3,Scanline,196736,147000,74.719421,0.834,51.452,52.286,63.291,true
"kodim24.dds",20,3,Scanline,196736,147000,74.719421,0.854,178.284,179.137,66.950,true
"kodim24.dds",10,3,Scanline,196736,147000,74.719421,0.834,67.182,68.016,69.204,true
"kodim24.dds",20,4,Scanline,196736,147000,74.719421,1.017,51.600,52.617,66.338,true
"kodim24.dds",10,4,Scanline,196736,147000,74.719421,0.848,47.023,47.870,56.462,true
"kodim24.dds",100,4,Scanline,196736,147000,74.719421,1.190,55.549,56.739,64.138,true
"kodim24.dds",10,5,Scanline,196736,147000,74.719421,1.646,52.740,54.386,55.723,true
"kodim24.dds",100,5,Scanline,196736,147000,74.719421,0.828,49.672,50.500,60.659,true
"kodim24.dds",20,5,Scanline,196736,147000,74.719421,0.863,50.099,50.962,57.699,true
"lorikeet.dds",10,1,Z-order,131200,109771,83.666921,1.929,78.675,80.604,68.128,true
"lorikeet.dds",100,1,Z-order,131200,109771,83.666921,10.400,48.590,58.990,57.816,true
"lorikeet.dds",20,1,Z-order,131200,109771,83.666921,9.096,78.934,88.031,71.993,true
"lorikeet.dds",100,2,Z-order,131200,109771,83.666921,11.244,50.933,62.177,58.289,true
"lorikeet.dds",20,2,Z-order,131200,109771,83.666921,3.053,58.735,61.788,60.966,true
"lorikeet.dds",10,2,Z-order,131200,109771,83.666921,2.143,47.480,49.623,60.261,true
"lorikeet.dds",20,3,Z-order,131200,109771,83.666921,1.860,82.356,84.216,63.183,true
"lorikeet.dds",10,3,Z-order,131200,109771,83.666921,1.569,64.607,66.175,63.976,true
"lorikeet.dds",100,3,Z-order,131200,109771,83.666921,12.870,71.965,84.836,53.050,true
"lorikeet.dds",10,4,Z-order,131200,109771,83.666921,2.598,59.447,62.045,61.982,true
"lorikeet.dds",100,4,Z-order,131200,109771,83.666921,12.553,52.046,64.600,60.375,true
"lorikeet.dds",20,4,Z-order,131200,109771,83.666921,2.105,47.416,49.521,62.745,true
"lorikeet.dds",100,5,Z-order,131200,109771,83.666921,13.014,51.950,64.963,56.222,true
"lorikeet.dds",20,5,Z-order,131200,109771,83.666921,2.821,63.807,66.628,57.653,true
"lorikeet.dds",10,5,Z-order,131200,109771,83.666921,1.658,50.781,52.439,54.356,true
"mountains.dds",100,1,Scanline,32896,18090,54.991488,2.287,71.637,73.924,77.817,true
"mountains.dds",20,1,Z-order,32896,18322,55.696741,1.848,127.454,129.302,138.899,true
"mountains.dds",10,1,Z-order,32896,18322,55.696741,0.847,116.651,117.498,131.636,true
"mountains.dds",20,2,Z-order,32896,18322,55.696741,0.965,115.328,116.293,137.518,true
"mountains.dds",10,2,Z-order,32896,18322,55.696741,0.943,130.923,131.865,136.184,true
"mountains.dds",100,2,Scanline,32896,18090,54.991488,5.544,48.759,54.303,57.330,true
"mountains.dds",10,3,Z-order,32896,18322,55.696741,4.518,135.733,140.252,117.798,true
"mountains.dds",100,3,Scanline,32896,18090,54.991488,3.763,59.635,63.398,81.718,true
"mountains.dds",20,3,Z-order,32896,18322,55.696741,0.984,147.082,148.066,146.718,true
"mountains.dds",100,4,Scanline,32896,18090,54.991488,2.073,81.591,83.665,270.258,true
"mountains.dds",20,4,Z-order,32896,18322,55.696741,1.038,176.053,177.091,241.255,true
"mountains.dds",10,4,Z-order,32896,18322,55.696741,0.970,145.055,146.024,149.793,true
"mountains.dds",20,5,Z-order,32896,18322,55.696741,13.645,136.070,149.714,152.210,true
"mountains.dds",10,5,Z-order,32896,18322,55.696741,3.698,137.549,141.246,119.174,true
"mountains.dds",100,5,Scanline,32896,18090,54.991488,5.734,54.950,60.684,65.853,true
"satellite.dds",20,1,Scanline,32896,27950,84.964737,1.041,51.583,52.623,59.826,true
"satellite.dds",10,1,Z-order,32896,28017,85.168410,1.098,94.941,96.039,53.869,true
"satellite.dds",100,1,Scanline,32896,27950,84.964737,2.265,41.163,43.428,60.630,true
"satellite.dds",10,2,Z-order,32896,28017,85.168410,1.058,50.473,51.530,64.780,true
"satellite.dds",100,2,Scanline,32896,27950,84.964737,6.047,41.554,47.600,62.554,true
"satellite.dds",20,2,Scanline,32896,27950,84.964737,1.081,64.958,66.039,59.440,true
"satellite.dds",100,3,Scanline,32896,27950,84.964737,2.005,45.673,47.679,58.344,true
"satellite.dds",20,3,Scanline,32896,27950,84.964737,0.935,53.231,54.166,63.311,true
"satellite.dds",10,3,Z-order,32896,28017,85.168410,1.062,78.356,79.417,65.181,true
"satellite.dds",20,4,Scanline,32896,27950,84.964737,1.438,47.270,48.708,55.829,true
"satellite.dds",10,4,Z-order,32896,28017,85.168410,0.961,56.372,57.333,58.577,true
"satellite.dds",100,4,Scanline,32896,27950,84.964737,4.152,67.528,71.680,70.844,true
"satellite.dds",10,5,Z-order,32896,28017,85.168410,1.032,45.967,46.999,58.436,true
"satellite.dds",100,5,Scanline,32896,27950,84.964737,2.114,48.307,50.421,64.793,true
"satellite.dds",20,5,Scanline,32896,27950,84.964737,1.103,78.127,79.230,72.835,true
"small-char.dds",10,1,Z-order,131200,72724,55.429878,2.713,99.303,102.016,81.822,true
"small-char.dds",100,1,Scanline,131200,71443,54.453506,30.866,75.210,106.077,72.531,true
"small-char.dds",20,1,Z-order,131200,72724,55.429878,7.740,52.563,60.303,67.172,true
"small-char.dds",100,2,Scanline,131200,71443,54.453506,15.786,113.943,129.729,101.204,true
"small-char.dds",20,2,Z-order,131200,72724,55.429878,9.150,68.681,77.831,75.219,true
"small-char.dds",10,2,Z-order,131200,72724,55.429878,2.070,104.766,106.835,112.513,true
"small-char.dds",20,3,Z-order,131200,72724,55.429878,9.680,88.652,98.331,68.935,true
"small-char.dds",10,3,Z-order,131200,72724,55.429878,4.349,64.307,68.656,67.633,true
"small-char.dds",100,3,Scanline,131200,71443,54.453506,9.050,63.052,72.102,68.477,true
"small-char.dds",10,4,Z-order,131200,72724,55.429878,5.914,86.670,92.584,64.199,true
"small-char.dds",100,4,Scanline,131200,71443,54.453506,11.036,51.813,62.849,67.926,true
"small-char.dds",20,4,Z-order,131200,72724,55.429878,2.606,48.619,51.225,75.484,true
"small-char.dds",100,5,Scanline,131200,71443,54.453506,19.062,94.058,113.120,65.096,true
"small-char.dds",20,5,Z-order,131200,72724,55.429878,4.648,78.493,83.141,56.513,true
"small-char.dds",10,5,Z-order,131200,72724,55.429878,1.852,71.552,73.404,58.237,true
"spnza_bricks_a_diff.dds",100,1,Scanline,524416,371725,70.883611,47.021,70.238,117.258,70.727,true
"spnza_bricks_a_diff.dds",20,1,Scanline,524416,371725,70.883611,7.528,74.692,82.221,71.909,true
"spnza_bricks_a_diff.dds",10,1,Scanline,524416,371725,70.883611,9.058,57.951,67.009,63.730,true
"spnza_bricks_a_diff.dds",20,2,Scanline,524416,371725,70.883611,7.896,64.850,72.745,68.597,true
"spnza_bricks_a_diff.dds",10,2,Scanline,524416,371725,70.883611,5.851,112.365,118.215,74.214,true
"spnza_bricks_a_diff.dds",100,2,Scanline,524416,371725,70.883611,43.338,70.694,114.031,65.140,true
"spnza_bricks_a_diff.dds",10,3,Scanline,524416,371725,70.883611,9.408,70.173,79.581,62.327,true
"spnza_bricks_a_diff.dds",100,3,Scanline,524416,371725,70.883611,36.160,63.529,99.689,68.224,true
"spnza_bricks_a_diff.dds",20,3,Scanline,524416,371725,70.883611,11.028,67.240,78.269,61.183,true
"spnza_bricks_a_diff.dds",100,4,Scanline,524416,371725,70.883611,37.037,82.725,119.763,63.800,true
"spnza_bricks_a_diff.dds",20,4,Scanline,524416,371725,70.883611,11.565,73.579,85.144,65.199,true
"spnza_bricks_a_diff.dds",10,4,Scanline,524416,371725,70.883611,5.518,56.013,61.531,63.577,true
"spnza_bricks_a_diff.dds",20,5,Scanline,524416,371725,70.883611,7.989,79.017,87.006,63.725,true
"spnza_bricks_a_diff.dds",10,5,Scanline,524416,371725,70.883611,6.131,77.762,83.893,60.728,true
"spnza_bricks_a_diff.dds",100,5,Scanline,524416,371725,70.883611,51.728,98.751,150.478,70.254,true
"sponza_arch_diff.dds",20,1,Scanline,524416,294449,56.147982,6.192,79.680,85.872,63.700,true
"sponza_arch_diff.dds",10,1,Scanline,524416,294449,56.147982,4.905,85.515,90.421,59.198,true
"sponza_arch_diff.dds",100,1,Scanline,524416,294449,56.147982,40.235,79.107,119.341,77.119,true
"sponza_arch_diff.dds",10,2,Scanline,524416,294449,56.147982,10.682,80.198,90.880,58.218,true
"sponza_arch_diff.dds",100,2,Scanline,524416,294449,56.147982,39.074,54.085,93.159,59.589,true
"sponza_arch_diff.dds",20,2,Scanline,524416,294449,56.147982,15.544,61.985,77.529,59.885,true
"sponza_arch_diff.dds",100,3,Scanline,524416,294449,56.147982,33.334,55.967,89.301,62.922,true
"sponza_arch_diff.dds",20,3,Scanline,524416,294449,56.147982,11.505,56.732,68.237,66.627,true
"sponza_arch_diff.dds",10,3,Scanline,524416,294449,56.147982,7.167,59.731,66.897,75.003,true
"sponza_arch_diff.dds",20,4,Scanline,524416,294449,56.147982,6.517,80.412,86.929,68.365,true
"sponza_arch_diff.dds",10,4,Scanline,524416,294449,56.147982,11.791,71.385,83.176,64.766,true
"sponza_arch_diff.dds",100,4,Scanline,524416,294449,56.147982,32.827,81.583,114.410,84.188,true
"sponza_arch_diff.dds",10,5,Scanline,524416,294449,56.147982,4.710,86.293,91.003,67.354,true
"sponza_arch_diff.dds",100,5,Scanline,524416,294449,56.147982,53.490,70.943,124.434,64.451,true
"sponza_arch_diff.dds",20,5,Scanline,524416,294449,56.147982,6.846,86.527,93.373,77.479,true
"sponza_ceiling_a_diff.dds",10,1,Z-order,524416,366949,69.972884,9.916,297.101,307.017,57.398,true
"sponza_ceiling_a_diff.dds",100,1,Z-order,524416,366949,69.972884,49.321,76.217,125.539,68.686,true
"sponza_ceiling_a_diff.dds",20,1,Z-order,524416,366949,69.972884,13.228,67.644,80.872,67.870,true
"sponza_ceiling_a_diff.dds",100,2,Z-order,524416,366949,69.972884,38.901,90.939,129.840,64.278,true
"sponza_ceiling_a_diff.dds",20,2,Z-order,524416,366949,69.972884,8.139,97.164,105.302,67.765,true
"sponza_ceiling_a_diff.dds",10,2,Z-order,524416,366949,69.972884,9.138,70.333,79.471,126.640,true
"sponza_ceiling_a_diff.dds",20,3,Z-order,524416,366949,69.972884,16.239,86.252,102.491,75.502,true
"sponza_ceiling_a_diff.dds",10,3,Z-order,524416,366949,69.972884,13.303,98.256,111.560,65.640,true
"sponza_ceiling_a_diff.dds",100,3,Z-order,524416,366949,69.972884,38.519,81.443,119.962,65.253,true
"sponza_ceiling_a_diff.dds",10,4,Z-order,524416,366949,69.972884,9.446,56.786,66.232,66.874,true
"sponza_ceiling_a_diff.dds",100,4,Z-order,524416,366949,69.972884,41.904,78.868,120.772,62.519,true
"sponza_ceiling_a_diff.dds",20,4,Z-order,524416,366949,69.972884,10.986,70.069,81.055,67.837,true
"sponza_ceiling_a_diff.dds",100,5,Z-order,524416,366949,69.972884,38.113,95.852,133.965,64.593,true
"sponza_ceiling_a_diff.dds",20,5,Z-order,524416,366949,69.972884,8.074,91.383,99.457,58.587,true
"sponza_ceiling_a_diff.dds",10,5,Z-order,524416,366949,69.972884,9.771,80.842,90.613,63.621,true
"sponza_column_a_diff.dds",100,1,Scanline,524416,372612,71.052752,35.051,79.727,114.778,72.856,true
"sponza_column_a_diff.dds",20,1,Scanline,524416,372612,71.052752,11.547,87.411,98.957,115.952,true
"sponza_column_a_diff.dds",10,1,Scanline,524416,372612,71.052752,11.629,67.094,78.723,64.846,true
"sponza_column_a_diff.dds",20,2,Scanline,524416,372612,71.052752,11.435,86.714,98.149,80.669,true
"sponza_column_a_diff.dds",10,2,Scanline,524416,372612,71.052752,8.544,65.690,74.235,70.020,true
"sponza_column_a_diff.dds",100,2,Scanline,524416,372612,71.052752,45.548,70.676,116.224,61.130,true
"sponza_column_a_diff.dds",10,3,Scanline,524416,372612,71.052752,5.310,83.665,88.975,72.405,true
"sponza_column_a_diff.dds",100,3,Scanline,524416,372612,71.052752,33.222,74.130,107.352,76.529,true
"sponza_column_a_diff.dds",20,3,Scanline,524416,372612,71.052752,10.821,75.288,86.109,60.611,true
"sponza_column_a_diff.dds",100,4,Scanline,524416,372612,71.052752,41.490,53.064,94.554,69.711,true
"sponza_column_a_diff.dds",20,4,Scanline,524416,372612,71.052752,10.272,79.354,89.627,64.331,true
"sponza_column_a_diff.dds",10,4,Scanline,524416,372612,71.052752,5.078,63.231,68.309,61.536,true
"sponza_column_a_diff.dds",20,5,Scanline,524416,372612,71.052752,7.144,81.812,88.956,63.002,true
"sponza_column_a_diff.dds",10,5,Scanline,524416,372612,71.052752,9.243,75.955,85.198,60.025,true
"sponza_column_a_diff.dds",100,5,Scanline,524416,372612,71.052752,38.722,56.963,95.685,88.811,true
"sponza_column_b_diff.dds",20,1,Scanline,524416,393484,75.032798,7.196,81.474,88.670,61.044,true
"sponza_column_b_diff.dds",10,1,Scanline,524416,393484,75.032798,8.413,65.436,73.849,56.653,true
"sponza_column_b_diff.dds",100,1,Scanline,524416,393484,75.032798,47.356,54.046,101.401,61.335,true
"sponza_column_b_diff.dds",10,2,Scanline,524416,393484,75.032798,8.798,53.699,62.498,81.500,true
"sponza_column_b_diff.dds",100,2,Scanline,524416,393484,75.032798,81.859,410.210,492.069,70.784,true
"sponza_column_b_diff.dds",20,2,Scanline,524416,393484,75.032798,13.499,112.955,126.454,79.582,true
"sponza_column_b_diff.dds",100,3,Scanline,524416,393484,75.032798,50.816,88.489,139.306,65.961,true
"sponza_column_b_diff.dds",20,3,Scanline,524416,393484,75.032798,8.612,76.086,84.698,68.619,true
"sponza_column_b_diff.dds",10,3,Scanline,524416,393484,75.032798,11.357,56.902,68.259,64.880,true
"sponza_column_b_diff.dds",20,4,Scanline,524416,393484,75.032798,7.634,80.403,88.037,68.799,true
"sponza_column_b_diff.dds",10,4,Scanline,524416,393484,75.032798,4.853,84.837,89.690,68.445,true
"sponza_column_b_diff.dds",100,4,Scanline,524416,393484,75.032798,37.641,61.391,99.031,61.406,true
"sponza_column_b_diff.dds",10,5,Scanline,524416,393484,75.032798,5.236,66.291,71.527,67.183,true
"sponza_column_b_diff.dds",100,5,Scanline,524416,393484,75.032798,42.341,81.539,123.880,70.033,true
"sponza_column_b_diff.dds",20,5,Scanline,524416,393484,75.032798,14.738,125.852,140.590,77.654,true
"sponza_column_c_diff.dds",10,1,Scanline,524416,399315,76.144702,18.874,98.779,117.653,88.591,true
"sponza_column_c_diff.dds",100,1,Scanline,524416,399315,76.144702,62.780,377.853,440.632,314.057,true
"sponza_column_c_diff.dds",20,1,Scanline,524416,399315,76.144702,37.653,82.115,119.767,108.913,true
"sponza_column_c_diff.dds",100,2,Scanline,524416,399315,76.144702,43.201,138.389,181.590,80.837,true
"sponza_column_c_diff.dds",20,2,Scanline,524416,399315,76.144702,11.068,89.950,101.017,79.389,true
"sponza_column_c_diff.dds",10,2,Scanline,524416,399315,76.144702,15.491,64.016,79.506,57.243,true
"sponza_column_c_diff.dds",20,3,Scanline,524416,399315,76.144702,6.918,65.535,72.454,61.376,true
"sponza_column_c_diff.dds",10,3,Scanline,524416,399315,76.144702,7.930,61.503,69.433,84.299,true
"sponza_column_c_diff.dds",100,3,Scanline,524416,399315,76.144702,42.777,82.554,125.332,70.797,true
"sponza_column_c_diff.dds",10,4,Scanline,524416,399315,76.144702,5.720,110.731,116.451,272.098,true
"sponza_column_c_diff.dds",100,4,Scanline,524416,399315,76.144702,48.519,78.776,127.295,66.255,true
"sponza_column_c_diff.dds",20,4,Scanline,524416,399315,76.144702,7.484,74.409,81.893,57.284,true
"sponza_column_c_diff.dds",100,5,Scanline,524416,399315,76.144702,35.448,55.188,90.636,83.763,true
"sponza_column_c_diff.dds",20,5,Scanline,524416,399315,76.144702,11.128,60.648,71.776,70.751,true
"sponza_column_c_diff.dds",10,5,Scanline,524416,399315,76.144702,5.168,65.596,70.764,63.135,true
"sponza_curtain_diff.dds",100,1,Z-order,2097280,1512618,72.122845,180.914,149.675,330.589,119.231,true
"sponza_curtain_diff.dds",20,1,Scanline,2097280,1510060,72.000877,45.447,135.911,181.358,85.815,true
"sponza_curtain_diff.dds",10,1,Scanline,2097280,1510060,72.000877,64.963,167.780,232.743,90.749,true
"sponza_curtain_diff.dds",20,2,Scanline,2097280,1510060,72.000877,39.835,167.771,207.606,97.282,true
"sponza_curtain_diff.dds",10,2,Scanline,2097280,1510060,72.000877,26.508,144.203,170.711,82.341,true
"sponza_curtain_diff.dds",100,2,Z-order,2097280,1512618,72.122845,188.528,153.249,341.778,86.400,true
"sponza_curtain_diff.dds",10,3,Scanline,2097280,1510060,72.000877,29.162,136.756,165.918,83.228,true
"sponza_curtain_diff.dds",100,3,Z-order,2097280,1512618,72.122845,182.260,160.549,342.809,83.254,true
"sponza_curtain_diff.dds",20,3,Scanline,2097280,1510060,72.000877,44.432,158.406,202.838,85.633,true
"sponza_curtain_diff.dds",100,4,Z-order,2097280,1512618,72.122845,177.362,160.324,337.686,84.248,true
"sponza_curtain_diff.dds",20,4,Scanline,2097280,1510060,72.000877,45.740,184.604,230.344,87.271,true
"sponza_curtain_diff.dds",10,4,Scanline,2097280,1510060,72.000877,27.564,178.838,206.402,84.750,true
"sponza_curtain_diff.dds",20,5,Scanline,2097280,1510060,72.000877,44.623,160.015,204.638,86.767,true
"sponza_curtain_diff.dds",10,5,Scanline,2097280,1510060,72.000877,25.474,155.804,181.277,84.090,true
"sponza_curtain_diff.dds",100,5,Z-order,2097280,1512618,72.122845,171.169,142.363,313.532,83.620,true
"sponza_details_diff.dds",20,1,Z-order,524416,320737,61.160796,10.975,92.759,103.734,56.835,true
"sponza_details_diff.dds",10,1,Z-order,524416,320737,61.160796,7.072,85.416,92.488,57.460,true
"sponza_details_diff.dds",100,1,Z-order,524416,320737,61.160796,40.583,60.323,100.906,57.339,true
"sponza_details_diff.dds",10,2,Z-order,524416,320737,61.160796,5.562,62.338,67.900,57.389,true
"sponza_details_diff.dds",100,2,Z-order,524416,320737,61.160796,33.925,74.634,108.560,65.073,true
"sponza_details_diff.dds",20,2,Z-order,524416,320737,61.160796,8.106,82.095,90.201,71.883,true
"sponza_details_diff.dds",100,3,Z-order,524416,320737,61.160796,53.129,116.048,169.178,97.543,true
"sponza_details_diff.dds",20,3,Z-order,524416,320737,61.160796,27.080,77.906,104.986,66.487,true
"sponza_details_diff.dds",10,3,Z-order,524416,320737,61.160796,4.766,77.452,82.219,55.719,true
"sponza_details_diff.dds",20,4,Z-order,524416,320737,61.160796,10.058,67.366,77.424,64.529,true
"sponza_details_diff.dds",10,4,Z-order,524416,320737,61.160796,5.372,94.681,100.053,60.292,true
"sponza_details_diff.dds",100,4,Z-order,524416,320737,61.160796,33.887,64.357,98.244,72.256,true
"sponza_details_diff.dds",10,5,Z-order,524416,320737,61.160796,7.510,91.430,98.941,61.770,true
"sponza_details_diff.dds",100,5,Z-order,524416,320737,61.160796,38.200,84.303,122.502,59.006,true
"sponza_details_diff.dds",20,5,Z-order,524416,320737,61.160796,8.679,76.156,84.835,67.568,true
"sponza_fabric_green_diff.dds",10,1,Scanline,524416,325823,62.130637,9.954,102.321,112.274,65.437,true
"sponza_fabric_green_diff.dds",100,1,Scanline,524416,325823,62.130637,58.151,102.355,160.506,63.541,true
"sponza_fabric_green_diff.dds",20,1,Scanline,524416,325823,62.130637,11.708,98.438,110.147,55.871,true
"sponza_fabric_green_diff.dds",100,2,Scanline,524416,325823,62.130637,47.282,93.595,140.877,55.639,true
"sponza_fabric_green_diff.dds",20,2,Scanline,524416,325823,62.130637,9.851,77.362,87.213,57.652,true
"sponza_fabric_green_diff.dds",10,2,Scanline,524416,325823,62.130637,7.249,93.847,101.096,57.505,true
"sponza_fabric_green_diff.dds",20,3,Scanline,524416,325823,62.130637,12.775,80.757,93.531,60.531,true
"sponza_fabric_green_diff.dds",10,3,Scanline,524416,325823,62.130637,5.218,93.803,99.021,57.397,true
"sponza_fabric_green_diff.dds",100,3,Scanline,524416,325823,62.130637,40.638,94.895,135.534,67.704,true
"sponza_fabric_green_diff.dds",10,4,Scanline,524416,325823,62.130637,10.153,104.019,114.172,56.285,true
"sponza_fabric_green_diff.dds",100,4,Scanline,524416,325823,62.130637,39.658,96.890,136.548,54.651,true
"sponza_fabric_green_diff.dds",20,4,Scanline,524416,325823,62.130637,8.261,100.647,108.909,60.442,true
"sponza_fabric_green_diff.dds",100,5,Scanline,524416,325823,62.130637,44.463,91.016,135.479,59.605,true
"sponza_fabric_green_diff.dds",20,5,Scanline,524416,325823,62.130637,11.973,96.487,108.459,70.383,true
"sponza_fabric_green_diff.dds",10,5,Scanline,524416,325823,62.130637,7.104,102.345,109.449,58.159,true
"sponza_flagpole_diff.dds",100,1,Z-order,524416,290666,55.426608,30.758,88.174,118.931,91.183,true
"sponza_flagpole_diff.dds",20,1,Z-order,524416,290666,55.426608,16.014,112.657,128.670,78.800,true
"sponza_flagpole_diff.dds",10,1,Z-order,524416,290666,55.426608,5.117,63.111,68.228,75.871,true
"sponza_flagpole_diff.dds",20,2,Z-order,524416,290666,55.426608,7.107,78.814,85.921,86.947,true
"sponza_flagpole_diff.dds",10,2,Z-order,524416,290666,55.426608,4.549,64.343,68.892,68.788,true
"sponza_flagpole_diff.dds",100,2,Z-order,524416,290666,55.426608,55.507,92.526,148.033,84.917,true
"sponza_flagpole_diff.dds",10,3,Z-order,524416,290666,55.426608,4.877,101.176,106.053,82.046,true
"sponza_flagpole_diff.dds",100,3,Z-order,524416,290666,55.426608,45.549,83.082,128.631,68.047,true
"sponza_flagpole_diff.dds",20,3,Z-order,524416,290666,55.426608,16.574,76.449,93.022,64.731,true
"sponza_flagpole_diff.dds",100,4,Z-order,524416,290666,55.426608,38.150,91.287,129.438,69.415,true
"sponza_flagpole_diff.dds",20,4,Z-order,524416,290666,55.426608,13.548,90.109,103.656,76.315,true
"sponza_flagpole_diff.dds",10,4,Z-order,524416,290666,55.426608,4.435,84.230,88.665,66.526,true
"sponza_flagpole_diff.dds",20,5,Z-order,524416,290666,55.426608,10.634,66.219,76.852,56.573,true
"sponza_flagpole_diff.dds",10,5,Z-order,524416,290666,55.426608,4.566,67.907,72.472,60.966,true
"sponza_flagpole_diff.dds",100,5,Z-order,524416,290666,55.426608,30.172,51.639,81.811,60.020,true
"sponza_floor_a_diff.dds",20,1,Scanline,524416,367043,69.990809,7.511,60.297,67.808,60.483,true
"sponza_floor_a_diff.dds",10,1,Scanline,524416,367043,69.990809,14.519,66.587,81.106,64.479,true
"sponza_floor_a_diff.dds",100,1,Scanline,524416,367043,69.990809,35.613,82.718,118.331,57.232,true
"sponza_floor_a_diff.dds",10,2,Scanline,524416,367043,69.990809,5.052,58.585,63.637,59.894,true
"sponza_floor_a_diff.dds",100,2,Scanline,524416,367043,69.990809,35.976,81.538,117.514,58.840,true
"sponza_floor_a_diff.dds",20,2,Scanline,524416,367043,69.990809,11.430,74.690,86.120,57.055,true
"sponza_floor_a_diff.dds",100,3,Scanline,524416,367043,69.990809,36.582,83.703,120.285,57.076,true
"sponza_floor_a_diff.dds",20,3,Scanline,524416,367043,69.990809,7.699,69.796,77.496,59.153,true
"sponza_floor_a_diff.dds",10,3,Scanline,524416,367043,69.990809,7.764,82.450,90.214,57.040,true
"sponza_floor_a_diff.dds",20,4,Scanline,524416,367043,69.990809,10.669,89.288,99.958,58.821,true
"sponza_floor_a_diff.dds",10,4,Scanline,524416,367043,69.990809,4.854,62.851,67.705,57.485,true
"sponza_floor_a_diff.dds",100,4,Scanline,524416,367043,69.990809,36.506,62.362,98.868,63.187,true
"sponza_floor_a_diff.dds",10,5,Scanline,524416,367043,69.990809,5.904,68.968,74.872,63.890,true
"sponza_floor_a_diff.dds",100,5,Scanline,524416,367043,69.990809,38.370,79.165,117.536,66.450,true
"sponza_floor_a_diff.dds",20,5,Scanline,524416,367043,69.990809,11.368,84.302,95.670,59.769,true
"sponza_roof_diff.dds",10,1,Scanline,524416,442637,84.405701,4.821,75.856,80.677,67.247,true
"sponza_roof_diff.dds",100,1,Scanline,524416,442637,84.405701,34.475,80.431,114.906,64.807,true
"sponza_roof_diff.dds",20,1,Scanline,524416,442637,84.405701,11.597,73.569,85.166,62.812,true
"sponza_roof_diff.dds",100,2,Scanline,524416,442637,84.405701,32.367,74.173,106.540,75.013,true
"sponza_roof_diff.dds",20,2,Scanline,524416,442637,84.405701,11.126,105.533,116.658,138.207,true
"sponza_roof_diff.dds",10,2,Scanline,524416,442637,84.405701,9.831,76.802,86.634,66.017,true
"sponza_roof_diff.dds",20,3,Scanline,524416,442637,84.405701,6.859,49.877,56.735,58.662,true
"sponza_roof_diff.dds",10,3,Scanline,524416,442637,84.405701,4.818,82.118,86.936,62.530,true
"sponza_roof_diff.dds",100,3,Scanline,524416,442637,84.405701,32.069,65.225,97.295,68.883,true
"sponza_roof_diff.dds",10,4,Scanline,524416,442637,84.405701,4.659,58.071,62.730,61.655,true
"sponza_roof_diff.dds",100,4,Scanline,524416,442637,84.405701,34.944,53.319,88.263,56.677,true
"sponza_roof_diff.dds",20,4,Scanline,524416,442637,84.405701,10.463,54.492,64.955,54.048,true
"sponza_roof_diff.dds",100,5,Scanline,524416,442637,84.405701,32.620,70.895,103.515,56.505,true
"sponza_roof_diff.dds",20,5,Scanline,524416,442637,84.405701,7.399,73.471,80.870,73.957,true
"sponza_roof_diff.dds",10,5,Scanline,524416,442637,84.405701,8.194,124.161,132.355,117.041,true
"un512.dds",100,1,Scanline,131200,102630,78.224085,57.327,162.864,220.192,230.150,true
"un512.dds",20,1,Scanline,131200,102630,78.224085,4.008,221.389,225.397,80.043,true
"un512.dds",10,1,Z-order,131200,102890,78.422256,15.528,91.579,107.107,78.201,true
"un512.dds",20,2,Scanline,131200,102630,78.224085,7.950,141.421,149.371,93.581,true
"un512.dds",10,2,Z-order,131200,102890,78.422256,1.540,123.736,125.276,185.910,true
"un512.dds",100,2,Scanline,131200,102630,78.224085,12.828,82.217,95.045,57.876,true
"un512.dds",10,3,Z-order,131200,102890,78.422256,1.452,53.208,54.660,64.127,true
"un512.dds",100,3,Scanline,131200,102630,78.224085,11.370,54.034,65.404,66.195,true
"un512.dds",20,3,Scanline,131200,102630,78.224085,6.211,67.559,73.770,68.377,true
"un512.dds",100,4,Scanline,131200,102630,78.224085,10.830,69.543,80.373,56.980,true
"un512.dds",20,4,Scanline,131200,102630,78.224085,2.301,74.639,76.940,57.152,true
"un512.dds",10,4,Z-order,131200,102890,78.422256,1.440,77.636,79.077,53.536,true
"un512.dds",20,5,Scanline,131200,102630,78.224085,5.625,50.383,56.008,59.765,true
"un512.dds",10,5,Z-order,131200,102890,78.422256,2.617,76.325,78.942,55.942,true
"un512.dds",100,5,Scanline,131200,102630,78.224085,9.373,70.973,80.346,63.024,true
"vase_dif.dds",20,1,Z-order,524416,383352,73.100744,6.895,63.194,70.089,59.137,true
"vase_dif.dds",10,1,Scanline,524416,381478,72.743395,5.039,64.252,69.291,63.363,true
"vase_dif.dds",100,1,Z-order,524416,383352,73.100744,36.424,87.435,123.859,59.234,true
"vase_dif.dds",10,2,Scanline,524416,381478,72.743395,5.951,79.815,85.766,64.698,true
"vase_dif.dds",100,2,Z-order,524416,383352,73.100744,47.373,72.217,119.590,63.340,true
"vase_dif.dds",20,2,Z-order,524416,383352,73.100744,10.244,53.130,63.374,62.442,true
"vase_dif.dds",100,3,Z-order,524416,383352,73.100744,33.128,53.761,86.889,60.660,true
"vase_dif.dds",20,3,Z-order,524416,383352,73.100744,9.994,78.792,88.786,69.390,true
"vase_dif.dds",10,3,Scanline,524416,381478,72.743395,4.730,76.235,80.965,59.278,true
"vase_dif.dds",20,4,Z-order,524416,383352,73.100744,8.185,57.235,65.420,67.091,true
"vase_dif.dds",10,4,Scanline,524416,381478,72.743395,4.754,60.287,65.041,68.643,true
"vase_dif.dds",100,4,Z-order,524416,383352,73.100744,32.221,86.228,118.448,61.864,true
"vase_dif.dds",10,5,Scanline,524416,381478,72.743395,8.153,82.396,90.549,60.165,true
"vase_dif.dds",100,5,Z-order,524416,383352,73.100744,32.380,64.784,97.165,71.167,true
"vase_dif.dds",20,5,Z-order,524416,383352,73.100744,10.887,83.997,94.884,68.936,true
"vase_hanging.dds",10,1,Scanline,524416,292126,55.705013,9.012,84.559,93.572,68.184,true
"vase_hanging.dds",100,1,Scanline,524416,292126,55.705013,45.009,101.976,146.985,76.491,true
"vase_hanging.dds",20,1,Scanline,524416,292126,55.705013,13.898,100.454,114.352,68.854,true
"vase_hanging.dds",100,2,Scanline,524416,292126,55.705013,45.252,97.724,142.976,67.853,true
"vase_hanging.dds",20,2,Scanline,524416,292126,55.705013,13.228,85.486,98.714,60.858,true
"vase_hanging.dds",10,2,Scanline,524416,292126,55.705013,5.727,98.734,104.461,60.029,true
"vase_hanging.dds",20,3,Scanline,524416,292126,55.705013,12.814,95.493,108.307,59.495,true
"vase_hanging.dds",10,3,Scanline,524416,292126,55.705013,5.317,71.340,76.656,62.770,true
"vase_hanging.dds",100,3,Scanline,524416,292126,55.705013,42.239,70.700,112.939,61.749,true
"vase_hanging.dds",10,4,Scanline,524416,292126,55.705013,5.107,74.211,79.318,79.892,true
"vase_hanging.dds",100,4,Scanline,524416,292126,55.705013,38.960,67.807,106.767,92.363,true
"vase_hanging.dds",20,4,Scanline,524416,292126,55.705013,15.426,77.056,92.482,62.644,true
"vase_hanging.dds",100,5,Scanline,524416,292126,55.705013,42.128,75.672,117.800,82.924,true
"vase_hanging.dds",20,5,Scanline,524416,292126,55.705013,12.140,104.637,116.777,63.121,true
"vase_hanging.dds",10,5,Scanline,524416,292126,55.705013,8.315,94.526,102.841,64.505,true
"vase_round.dds",100,1,Scanline,524416,370773,70.702076,32.774,78.421,111.195,65.093,true
"vase_round.dds",20,1,Scanline,524416,370773,70.702076,14.048,97.977,112.025,71.117,true
"vase_round.dds",10,1,Scanline,524416,370773,70.702076,5.470,176.622,182.091,58.835,true
"vase_round.dds",20,2,Scanline,524416,370773,70.702076,9.151,80.586,89.737,57.823,true
"vase_round.dds",10,2,Scanline,524416,370773,70.702076,4.996,49.925,54.921,55.205,true
"vase_round.dds",100,2,Scanline,524416,370773,70.702076,36.676,72.203,108.879,60.585,true
"vase_round.dds",10,3,Scanline,524416,370773,70.702076,7.373,58.575,65.949,67.227,true
"vase_round.dds",100,3,Scanline,524416,370773,70.702076,37.313,54.972,92.286,76.703,true
"vase_round.dds",20,3,Scanline,524416,370773,70.702076,10.377,76.623,87.000,65.737,true
"vase_round.dds",100,4,Scanline,524416,370773,70.702076,42.175,59.443,101.618,60.872,true
"vase_round.dds",20,4,Scanline,524416,370773,70.702076,7.647,89.588,97.234,58.404,true
"vase_round.dds",10,4,Scanline,524416,370773,70.702076,4.850,145.624,150.474,57.348,true
"vase_round.dds",20,5,Scanline,524416,370773,70.702076,11.487,88.381,99.868,61.176,true
"vase_round.dds",10,5,Scanline,524416,370773,70.702076,10.179,68.766,78.945,59.803,true
"vase_round.dds",100,5,Scanline,524416,370773,70.702076,35.902,69.138,105.039,63.999,true
"vector-streets.dds",20,1,Z-order,32896,7632,23.200389,3.730,68.079,71.809,55.148,true
"vector-streets.dds",10,1,Z-order,32896,7632,23.200389,1.061,44.931,45.992,50.335,true
"vector-streets.dds",100,1,Scanline,32896,7340,22.312743,1.526,73.654,75.180,54.239,true
"vector-streets.dds",10,2,Z-order,32896,7632,23.200389,0.908,57.820,58.728,50.744,true
"vector-streets.dds",100,2,Scanline,32896,7340,22.312743,1.499,245.133,246.632,285.381,true
"vector-streets.dds",20,2,Z-order,32896,7632,23.200389,27.625,203.304,230.929,85.046,true
"vector-streets.dds",100,3,Scanline,32896,7340,22.312743,1.993,48.851,50.844,56.829,true
"vector-streets.dds",20,3,Z-order,32896,7632,23.200389,0.885,60.409,61.294,69.236,true
"vector-streets.dds",10,3,Z-order,32896,7632,23.200389,0.893,39.490,40.383,59.977,true
"vector-streets.dds",20,4,Z-order,32896,7632,23.200389,1.627,79.650,81.277,70.462,true
"vector-streets.dds",10,4,Z-order,32896,7632,23.200389,0.966,59.918,60.885,82.384,true
"vector-streets.dds",100,4,Scanline,32896,7340,22.312743,24.103,91.535,115.639,63.404,true
"vector-streets.dds",10,5,Z-order,32896,7632,23.200389,1.151,52.172,53.323,69.938,true
"vector-streets.dds",100,5,Scanline,32896,7340,22.312743,1.427,59.367,60.794,55.900,true
"vector-streets.dds",20,5,Z-order,32896,7632,23.200389,4.222,43.170,47.392,73.027,true
