file,sample_percent,runs,selected_method,original_bytes,compressed_bytes,compressed_percent,preprocess_avg_ms,secondary_avg_ms,total_encode_avg_ms,total_decode_avg_ms,matches_100_percent,all_verified
"background.dds",100,5,Scanline,524416,288362,54.987262,121.801,239.647,361.448,294.040,true,true
"background.dds",20,5,Scanline,524416,288362,54.987262,85.580,352.330,437.910,696.800,true,true
"background.dds",10,5,Z-order,524416,292891,55.850889,55.960,317.225,373.185,398.151,false,true
"big-char.dds",100,5,Z-order,524416,364356,69.478429,151.691,322.057,473.748,358.500,true,true
"big-char.dds",20,5,Z-order,524416,364356,69.478429,61.957,287.170,349.127,392.047,true,true
"big-char.dds",10,5,Z-order,524416,364356,69.478429,47.219,302.443,349.663,324.130,true,true
"bricks.dds",100,5,Scanline,32896,26975,82.000851,62.360,290.693,353.053,221.181,true,true
"bricks.dds",20,5,Z-order,32896,27026,82.155885,23.553,226.269,249.822,530.898,false,true
"bricks.dds",10,5,Z-order,32896,27026,82.155885,39.774,191.001,230.774,306.414,false,true
"iscv2_u1_v1.dds",100,5,Z-order,33554560,11783604,35.117743,6195.243,4317.036,10512.279,2847.106,true,true
"iscv2_u1_v1.dds",20,5,Z-order,33554560,11783604,35.117743,2007.515,4094.977,6102.491,2531.763,true,true
"iscv2_u1_v1.dds",10,5,Z-order,33554560,11783604,35.117743,1723.566,4061.529,5785.095,2017.976,true,true
"iscv2_u1_v2.dds",100,5,Z-order,33554560,9648326,28.754143,5705.355,3924.493,9629.848,2192.677,true,true
"iscv2_u1_v2.dds",20,5,Z-order,33554560,9648326,28.754143,2358.089,3891.278,6249.367,1581.795,true,true
"iscv2_u1_v2.dds",10,5,Z-order,33554560,9648326,28.754143,1472.506,3714.810,5187.316,2100.228,true,true
"iscv2_u2_v1.dds",100,5,Z-order,33554560,9831124,29.298921,5769.933,3617.889,9387.823,1633.856,true,true
"iscv2_u2_v1.dds",20,5,Z-order,33554560,9831124,29.298921,1899.476,3524.597,5424.072,1342.613,true,true
"iscv2_u2_v1.dds",10,5,Z-order,33554560,9831124,29.298921,1481.138,4089.650,5570.788,2096.077,true,true
"iscv2_u2_v2.dds",100,5,Z-order,33554560,1116122,3.326290,1401.852,799.510,2201.362,804.302,true,true
"iscv2_u2_v2.dds",20,5,Z-order,33554560,1116122,3.326290,905.292,718.957,1624.248,912.148,true,true
"iscv2_u2_v2.dds",10,5,Z-order,33554560,1116122,3.326290,743.959,656.374,1400.333,818.460,true,true
"iscv2_u2_v4.dds",100,5,Z-order,33554560,3716565,11.076185,2889.020,1794.733,4683.753,1635.094,true,true
"iscv2_u2_v4.dds",20,5,Z-order,33554560,3716565,11.076185,1482.798,1932.448,3415.246,1132.071,true,true
"iscv2_u2_v4.dds",10,5,Z-order,33554560,3716565,11.076185,1050.818,1930.965,2981.783,1036.811,true,true
"iscv2_u3_v1.dds",100,5,Z-order,33554560,10284166,30.649086,3828.964,2207.044,6036.007,895.716,true,true
"iscv2_u3_v1.dds",20,5,Z-order,33554560,10284166,30.649086,1111.458,2042.062,3153.520,752.280,true,true
"iscv2_u3_v1.dds",10,5,Z-order,33554560,10284166,30.649086,958.449,2032.823,2991.272,747.396,true,true
"iscv2_u4_v1.dds",100,5,Z-order,33554560,10881787,32.430129,2408.583,1455.061,3863.644,676.777,true,true
"iscv2_u4_v1.dds",20,5,Z-order,33554560,10881787,32.430129,718.850,1441.833,2160.683,600.225,true,true
"iscv2_u4_v1.dds",10,5,Z-order,33554560,10881787,32.430129,497.870,1432.148,1930.018,631.907,true,true
"kodim01.dds",100,5,Scanline,196736,146292,74.359548,1.206,67.473,68.679,62.580,true,true
"kodim01.dds",20,5,Scanline,196736,146292,74.359548,2.000,67.143,69.143,59.203,true,true
"kodim01.dds",10,5,Scanline,196736,146292,74.359548,1.287,104.613,105.900,64.476,true,true
"kodim02.dds",100,5,Scanline,196736,133761,67.990098,2.522,99.520,102.043,68.596,true,true
"kodim02.dds",20,5,Scanline,196736,133761,67.990098,4.147,94.909,99.056,80.051,true,true
"kodim02.dds",10,5,Scanline,196736,133761,67.990098,2.850,87.145,89.995,75.388,true,true
"kodim03.dds",100,5,Scanline,196736,124642,63.354953,1.248,71.206,72.454,64.550,true,true
"kodim03.dds",20,5,Scanline,196736,124642,63.354953,2.536,84.920,87.455,67.248,true,true
"kodim03.dds",10,5,Scanline,196736,124642,63.354953,2.122,76.811,78.934,74.573,true,true
"kodim04.dds",100,5,Scanline,196736,143276,72.826529,1.258,68.257,69.515,58.909,true,true
"kodim04.dds",20,5,Scanline,196736,143276,72.826529,2.055,79.626,81.681,61.065,true,true
"kodim04.dds",10,5,Scanline,196736,143276,72.826529,1.486,89.491,90.978,63.506,true,true
"kodim05.dds",100,5,Scanline,196736,159598,81.122926,1.878,70.993,72.871,59.920,true,true
"kodim05.dds",20,5,Scanline,196736,159598,81.122926,1.313,72.454,73.767,60.404,true,true
"kodim05.dds",10,5,Scanline,196736,159598,81.122926,1.289,77.954,79.243,61.515,true,true
"kodim06.dds",100,5,Scanline,196736,136318,69.289810,2.158,68.468,70.627,62.206,true,true
"kodim06.dds",20,5,Scanline,196736,136318,69.289810,1.515,81.398,82.913,62.694,true,true
"kodim06.dds",10,5,Scanline,196736,136318,69.289810,1.036,73.447,74.483,62.238,true,true
"kodim07.dds",100,5,Scanline,196736,131167,66.671580,2.093,72.797,74.890,65.082,true,true
"kodim07.dds",20,5,Scanline,196736,131167,66.671580,1.706,73.406,75.113,65.184,true,true
"kodim07.dds",10,5,Scanline,196736,131167,66.671580,1.367,79.419,80.786,66.492,true,true
"kodim08.dds",100,5,Scanline,196736,159148,80.894193,1.779,70.839,72.617,67.711,true,true
"kodim08.dds",20,5,Scanline,196736,159148,80.894193,1.880,66.745,68.625,71.163,true,true
"kodim08.dds",10,5,Scanline,196736,159148,80.894193,6.405,68.556,74.960,72.179,true,true
"kodim09.dds",100,5,Scanline,196736,129761,65.956917,1.907,65.562,67.469,62.322,true,true
"kodim09.dds",20,5,Scanline,196736,129761,65.956917,2.297,78.619,80.916,66.427,true,true
"kodim09.dds",10,5,Scanline,196736,129761,65.956917,1.513,73.561,75.073,60.821,true,true
"kodim10.dds",100,5,Scanline,196736,137986,70.137646,1.279,62.336,63.614,72.172,true,true
"kodim10.dds",20,5,Scanline,196736,137986,70.137646,1.242,68.019,69.261,66.860,true,true
"kodim10.dds",10,5,Scanline,196736,137986,70.137646,1.358,64.330,65.687,64.510,true,true
"kodim11.dds",100,5,Scanline,196736,139869,71.094767,1.676,64.668,66.344,59.653,true,true
"kodim11.dds",20,5,Scanline,196736,139869,71.094767,1.052,64.139,65.191,60.255,true,true
"kodim11.dds",10,5,Scanline,196736,139869,71.094767,1.633,62.920,64.553,68.758,true,true
"kodim12.dds",100,5,Scanline,196736,128360,65.244795,3.315,67.919,71.234,59.310,true,true
"kodim12.dds",20,5,Scanline,196736,128360,65.244795,1.848,63.308,65.155,61.404,true,true
"kodim12.dds",10,5,Scanline,196736,128360,65.244795,1.938,65.208,67.147,65.052,true,true
"kodim13.dds",100,5,Scanline,196736,161615,82.148158,1.443,61.251,62.694,85.971,true,true
"kodim13.dds",20,5,Scanline,196736,161615,82.148158,1.097,60.420,61.517,64.284,true,true
"kodim13.dds",10,5,Scanline,196736,161615,82.148158,1.209,56.621,57.829,65.728,true,true
"kodim14.dds",100,5,Scanline,196736,150781,76.641286,1.241,59.810,61.051,62.770,true,true
"kodim14.dds",20,5,Scanline,196736,150781,76.641286,2.221,68.479,70.700,67.173,true,true
"kodim14.dds",10,5,Scanline,196736,150781,76.641286,2.597,67.933,70.530,63.204,true,true
"kodim15.dds",100,5,Scanline,196736,137228,69.752358,1.002,56.376,57.379,59.657,true,true
"kodim15.dds",20,5,Scanline,196736,137228,69.752358,1.681,60.832,62.513,76.055,true,true
"kodim15.dds",10,5,Scanline,196736,137228,69.752358,2.728,59.658,62.386,121.098,true,true
"kodim16.dds",100,5,Scanline,196736,126091,64.091473,4.960,81.511,86.471,73.289,true,true
"kodim16.dds",20,5,Scanline,196736,126091,64.091473,1.171,95.107,96.278,88.810,true,true
"kodim16.dds",10,5,Scanline,196736,126091,64.091473,1.079,85.637,86.716,71.479,true,true
"kodim17.dds",100,5,Scanline,196736,139617,70.966676,1.014,58.758,59.771,62.477,true,true
"kodim17.dds",20,5,Scanline,196736,139617,70.966676,1.101,77.106,78.207,68.744,true,true
"kodim17.dds",10,5,Scanline,196736,139617,70.966676,3.806,74.076,77.882,68.589,true,true
"kodim18.dds",100,5,Scanline,196736,159436,81.040582,2.518,73.165,75.684,66.317,true,true
"kodim18.dds",20,5,Scanline,196736,159436,81.040582,1.788,73.008,74.796,63.991,true,true
"kodim18.dds",10,5,Scanline,196736,159436,81.040582,1.127,135.293,136.420,161.789,true,true
"kodim19.dds",100,5,Scanline,196736,139930,71.125773,3.334,75.825,79.159,78.034,true,true
"kodim19.dds",20,5,Scanline,196736,139930,71.125773,1.048,89.683,90.730,86.710,true,true
"kodim19.dds",10,5,Scanline,196736,139930,71.125773,1.782,80.890,82.672,74.743,true,true
"kodim20.dds",100,5,Scanline,196736,117601,59.776045,1.033,54.954,55.987,61.934,true,true
"kodim20.dds",20,5,Scanline,196736,117601,59.776045,1.003,57.742,58.746,66.186,true,true
"kodim20.dds",10,5,Scanline,196736,117601,59.776045,1.056,55.739,56.795,59.236,true,true
"kodim21.dds",100,5,Scanline,196736,139186,70.747601,2.271,72.985,75.256,63.575,true,true
"kodim21.dds",20,5,Scanline,196736,139186,70.747601,1.029,64.924,65.953,59.120,true,true
"kodim21.dds",10,5,Scanline,196736,139186,70.747601,1.790,60.876,62.665,63.798,true,true
"kodim22.dds",100,5,Scanline,196736,154179,78.368473,2.009,79.088,81.098,67.769,true,true
"kodim22.dds",20,5,Scanline,196736,154179,78.368473,0.905,71.133,72.038,69.414,true,true
"kodim22.dds",10,5,Scanline,196736,154179,78.368473,1.613,59.225,60.838,70.837,true,true
"kodim23.dds",100,5,Scanline,196736,143749,73.066953,1.272,69.892,71.164,127.356,true,true
"kodim23.dds",20,5,Scanline,196736,143749,73.066953,1.478,112.151,113.629,109.351,true,true
"kodim23.dds",10,5,Scanline,196736,143749,73.066953,2.002,80.384,82.386,91.393,true,true
"kodim24.dds",100,5,Scanline,196736,147000,74.719421,0.950,72.049,72.999,136.152,true,true
"kodim24.dds",20,5,Scanline,196736,147000,74.719421,3.632,85.915,89.547,70.097,true,true
"kodim24.dds",10,5,Scanline,196736,147000,74.719421,5.811,76.066,81.877,61.551,true,true
"lorikeet.dds",100,5,Z-order,131200,109771,83.666921,12.016,55.097,67.113,57.150,true,true
"lorikeet.dds",20,5,Z-order,131200,109771,83.666921,3.787,66.250,70.037,63.308,true,true
"lorikeet.dds",10,5,Z-order,131200,109771,83.666921,1.979,60.198,62.177,61.741,true,true
"mountains.dds",100,5,Scanline,32896,18090,54.991488,3.880,63.314,67.195,110.595,true,true
"mountains.dds",20,5,Z-order,32896,18322,55.696741,3.696,140.397,144.093,163.320,false,true
"mountains.dds",10,5,Z-order,32896,18322,55.696741,2.195,133.182,135.377,130.917,false,true
"satellite.dds",100,5,Scanline,32896,27950,84.964737,3.317,48.845,52.162,63.433,true,true
"satellite.dds",20,5,Scanline,32896,27950,84.964737,1.119,59.034,60.153,62.248,true,true
"satellite.dds",10,5,Z-order,32896,28017,85.168410,1.042,65.222,66.264,60.168,false,true
"small-char.dds",100,5,Scanline,131200,71443,54.453506,17.160,79.615,96.775,75.047,true,true
"small-char.dds",20,5,Z-order,131200,72724,55.429878,6.765,67.402,74.166,68.665,false,true
"small-char.dds",10,5,Z-order,131200,72724,55.429878,3.380,85.320,88.699,76.881,false,true
"spnza_bricks_a_diff.dds",100,5,Scanline,524416,371725,70.883611,43.057,77.187,120.244,67.629,true,true
"spnza_bricks_a_diff.dds",20,5,Scanline,524416,371725,70.883611,9.201,71.876,81.077,66.122,true,true
"spnza_bricks_a_diff.dds",10,5,Scanline,524416,371725,70.883611,7.193,74.853,82.046,64.915,true,true
"sponza_arch_diff.dds",100,5,Scanline,524416,294449,56.147982,39.792,68.337,108.129,69.654,true,true
"sponza_arch_diff.dds",20,5,Scanline,524416,294449,56.147982,9.321,73.067,82.388,67.211,true,true
"sponza_arch_diff.dds",10,5,Scanline,524416,294449,56.147982,7.851,76.624,84.475,64.908,true,true
"sponza_ceiling_a_diff.dds",100,5,Z-order,524416,366949,69.972884,41.351,84.664,126.015,65.066,true,true
"sponza_ceiling_a_diff.dds",20,5,Z-order,524416,366949,69.972884,11.333,82.502,93.835,67.512,true,true
"sponza_ceiling_a_diff.dds",10,5,Z-order,524416,366949,69.972884,10.315,120.664,130.979,76.035,true,true
"sponza_column_a_diff.dds",100,5,Scanline,524416,372612,71.052752,38.807,66.912,105.719,73.807,true,true
"sponza_column_a_diff.dds",20,5,Scanline,524416,372612,71.052752,10.244,82.116,92.360,76.913,true,true
"sponza_column_a_diff.dds",10,5,Scanline,524416,372612,71.052752,7.961,71.127,79.088,65.766,true,true
"sponza_column_b_diff.dds",100,5,Scanline,524416,393484,75.032798,52.003,139.135,191.137,65.904,true,true
"sponza_column_b_diff.dds",20,5,Scanline,524416,393484,75.032798,10.336,95.354,105.690,71.140,true,true
"sponza_column_b_diff.dds",10,5,Scanline,524416,393484,75.032798,7.732,65.433,73.165,67.732,true,true
"sponza_column_c_diff.dds",100,5,Scanline,524416,399315,76.144702,46.545,146.552,193.097,123.142,true,true
"sponza_column_c_diff.dds",20,5,Scanline,524416,399315,76.144702,14.850,74.531,89.382,75.543,true,true
"sponza_column_c_diff.dds",10,5,Scanline,524416,399315,76.144702,10.637,80.125,90.762,113.073,true,true
"sponza_curtain_diff.dds",100,5,Z-order,2097280,1512618,72.122845,180.047,153.232,333.279,91.351,true,true
"sponza_curtain_diff.dds",20,5,Scanline,2097280,1510060,72.000877,44.015,161.341,205.357,88.554,false,true
"sponza_curtain_diff.dds",10,5,Scanline,2097280,1510060,72.000877,34.734,156.676,191.410,85.032,false,true
"sponza_details_diff.dds",100,5,Z-order,524416,320737,61.160796,39.945,79.933,119.878,70.243,true,true
"sponza_details_diff.dds",20,5,Z-order,524416,320737,61.160796,12.980,79.256,92.236,65.460,true,true
"sponza_details_diff.dds",10,5,Z-order,524416,320737,61.160796,6.056,82.264,88.320,58.526,true,true
"sponza_fabric_green_diff.dds",100,5,Scanline,524416,325823,62.130637,46.039,95.750,141.789,60.228,true,true
"sponza_fabric_green_diff.dds",20,5,Scanline,524416,325823,62.130637,10.914,90.738,101.652,60.976,true,true
"sponza_fabric_green_diff.dds",10,5,Scanline,524416,325823,62.130637,7.936,99.267,107.203,58.957,true,true
"sponza_flagpole_diff.dds",100,5,Z-order,524416,290666,55.426608,40.027,81.342,121.369,74.716,true,true
"sponza_flagpole_diff.dds",20,5,Z-order,524416,290666,55.426608,12.775,84.849,97.624,72.673,true,true
"sponza_flagpole_diff.dds",10,5,Z-order,524416,290666,55.426608,4.709,76.153,80.862,70.839,true,true
"sponza_floor_a_diff.dds",100,5,Scanline,524416,367043,69.990809,36.609,77.897,114.507,60.557,true,true
"sponza_floor_a_diff.dds",20,5,Scanline,524416,367043,69.990809,9.736,75.675,85.411,59.056,true,true
"sponza_floor_a_diff.dds",10,5,Scanline,524416,367043,69.990809,7.618,67.888,75.507,60.558,true,true
"sponza_roof_diff.dds",100,5,Scanline,524416,442637,84.405701,33.295,68.809,102.104,64.377,true,true
"sponza_roof_diff.dds",20,5,Scanline,524416,442637,84.405701,9.489,71.388,80.877,77.537,true,true
"sponza_roof_diff.dds",10,5,Scanline,524416,442637,84.405701,6.465,83.402,89.867,74.898,true,true
"un512.dds",100,5,Scanline,131200,102630,78.224085,20.346,87.926,108.272,94.845,true,true
"un512.dds",20,5,Scanline,131200,102630,78.224085,5.219,111.078,116.297,71.784,true,true
"un512.dds",10,5,Z-order,131200,102890,78.422256,4.515,84.497,89.012,87.543,false,true
"vase_dif.dds",100,5,Z-order,524416,383352,73.100744,36.305,72.885,109.190,63.253,true,true
"vase_dif.dds",20,5,Z-order,524416,383352,73.100744,9.241,67.270,76.510,65.399,true,true
"vase_dif.dds",10,5,Scanline,524416,381478,72.743395,5.725,72.597,78.323,63.229,false,true
"vase_hanging.dds",100,5,Scanline,524416,292126,55.705013,42.718,82.776,125.493,76.276,true,true
"vase_hanging.dds",20,5,Scanline,524416,292126,55.705013,13.501,92.625,106.126,62.994,true,true
"vase_hanging.dds",10,5,Scanline,524416,292126,55.705013,6.696,84.674,91.369,67.076,true,true
"vase_round.dds",100,5,Scanline,524416,370773,70.702076,36.968,66.835,103.803,65.451,true,true
"vase_round.dds",20,5,Scanline,524416,370773,70.702076,10.542,86.631,97.173,62.852,true,true
"vase_round.dds",10,5,Scanline,524416,370773,70.702076,6.574,99.902,106.476,59.684,true,true
"vector-streets.dds",100,5,Scanline,32896,7340,22.312743,6.110,103.708,109.818,103.150,true,true
"vector-streets.dds",20,5,Z-order,32896,7632,23.200389,7.618,90.922,98.540,70.584,false,true
"vector-streets.dds",10,5,Z-order,32896,7632,23.200389,0.996,50.866,51.862,62.675,false,true
